,#,ID1_2,ID2_2,ID3_2,RA_2,Dec_2,z_2,S_NVSS,L_NVSS,S_First,L_First,size_rad,FRclass,g_min_r,concent,mass_2,bk4000,o3lum_1,Mbh/Mstar,R_50_kpc,mu50,sfr_tot_p50,specsfr_tot_p50,o3lum_2,o3redcor,o3sn,o3lumlim,o3
0,,267,51608,34,9.9446584,-0.02334,0.13917000000000002,0.166,24.92,0.0022,23.04231468952013,107.66,200,1.06,2.93,11.5,2.04,6.77,0.001318256391182683,8.715676404979812,662548899.2822919,-0.7194909,-12.27865,6.77,7.86,6.69,6.42,6.77
1,,267,51608,205,9.8472382,-0.88775,0.27146,0.0558,25.08,0.0151,24.512342720233544,30.0,200,1.14,3.03,11.78,2.0,6.98,0.0014454392628956644,11.373568019853144,741355316.0026404,-0.9165085,-12.756739999999999,6.98,8.14,2.68,7.03,6.98
2,,303,51615,521,14.257973999999999,1.0965,0.16458,0.10099999999999999,24.86,0.0134,23.982784022570282,112.04,210,1.1,2.66,11.52,1.96,7.16,0.0003890444273740708,7.140223650603742,1033705813.993133,-1.1161,-12.704369999999999,7.16,8.26,12.55,6.53,7.16
3,,291,51660,42,12.746169,-1.01928,0.14677,0.0443,24.39,0.0,0.0,12.19,200,0.98,3.38,11.46,1.96,0.0,0.001862085010390618,13.6305697130794,247054149.8036186,-0.9537708,-12.46875,0.0,1.09,-0.09,6.3,0.0
4,,308,51662,8,14.838663,-1.11319,0.11945,0.0992,24.55,0.0,0.0,8.77,200,1.09,3.17,11.16,1.37,8.39,0.005623413251903491,4.6755408359376345,1052340464.4326586,0.12474500000000001,-11.093,8.39,8.94,107.26,6.84,8.39
5,,285,51663,190,11.994895,-0.53164,0.17823,0.052000000000000005,24.64,0.0028,23.37115405146989,123.28,210,0.98,3.26,11.61,1.82,0.0,0.0017378037289612748,7.8886182539653715,1041880495.5819428,-0.9918458,-12.65808,0.0,1.13,-1.03,6.45,0.0
6,,299,51671,569,13.72955,0.9791700000000001,0.22898000000000002,0.0572,24.92,0.0211,24.48688648807673,22.45,210,1.17,3.3,11.69,2.17,6.5,0.0012882513621828178,9.410304512093788,880262817.7533035,-1.010772,-12.73884,6.5,7.65,1.77,6.73,0.0
7,,312,51689,471,15.277839000000002,0.25051,0.05259,2.722,25.25,0.7557,24.693461313572392,254.32,200,0.89,3.27,11.15,1.31,7.34,0.004466841806792098,3.411786591833817,1931327987.1152601,0.6364016,-10.56222,7.34,7.53,59.77,6.04,7.34
8,,340,51691,516,13.242904999999999,-1.7276200000000002,0.21971,0.1045,25.15,0.0095,24.108606910721825,50.01,200,1.07,2.99,11.46,1.82,6.93,0.0013489632380568445,8.162003665940562,689011703.3841077,-0.564405,-12.08263,6.93,8.02,5.37,6.68,6.93
9,,339,51692,291,13.018761,-3.4479599999999997,0.08337,0.1126,24.28,0.0,0.0,10.12,200,1.06,3.0,11.56,2.09,6.13,0.0009332528252673828,7.428161272918293,1047268167.3604103,-1.068825,-12.648639999999999,6.13,7.24,2.12,6.28,0.0
10,,344,51693,473,16.064299,0.11354000000000002,0.15921,0.11,24.86,0.0036,23.374910407265205,172.58,210,1.0,3.09,11.26,1.67,7.55,0.0006165949477018448,5.960193719002023,815266523.3407438,-0.8017145999999999,-12.129760000000001,7.55,8.57,19.74,6.73,7.55
11,,349,51699,169,16.979768,62.940169999999995,0.10627,0.258,24.86,0.0,0.0,138.8,200,0.95,3.01,11.09,1.8,6.33,0.0006456541439665037,5.525310595977372,641367415.4226934,-1.186871,-12.31765,6.33,7.29,9.9,5.81,6.33
12,,385,51783,496,23.68327,0.08163,0.18481,0.589,25.73,0.0045,23.613096763606443,80.63,210,1.1,2.78,11.98,2.04,6.54,0.0008912525038250655,16.148510878908876,582847198.092391,-0.6869075,-12.75177,6.54,7.73,2.38,6.64,0.0
13,,352,51789,406,17.224752,64.04686,0.07844,0.2502,24.57,0.0,0.0,21.49,200,1.0,3.0,11.55,1.93,5.99,0.001698241862446276,8.023180106306823,877257802.2014825,-0.8077245,-12.40897,5.99,7.11,2.24,6.12,0.0
14,,393,51794,445,0.7346307,1.0313299999999999,0.11173,0.366,25.06,0.011000000000000001,23.537911077325468,180.11,200,1.03,3.48,11.14,1.78,7.02,0.001380382324630963,5.81367655334521,650008061.8706838,-0.7385099,-11.93535,7.02,7.36,14.97,6.32,7.02
15,,393,51794,390,0.6978253000000001,0.47639,0.15199000000000001,0.08800000000000001,24.72,0.0,0.0,33.83,210,1.07,2.99,11.51,1.94,5.85,0.001380382324630963,8.827042711727518,660982413.3935598,-1.097456,-12.6729,5.85,6.95,0.67,6.5,0.0
16,,382,51816,189,23.261694,-0.43525,0.09096,0.045,23.96,0.0,0.0,50.37,210,0.99,3.4,11.11,1.95,6.21,0.003981075202376553,5.253498126343398,742886771.3775388,-1.067458,-12.232000000000001,6.21,7.18,3.25,6.18,6.21
17,,390,51816,211,0.35211729999999997,-0.9254100000000001,0.10822000000000001,0.1119,24.51,0.0,0.0,41.4,200,1.01,3.17,11.59,1.99,5.41,0.0008511386362915022,8.282713934961981,902557667.3833867,-1.082668,-12.711319999999999,5.41,6.53,0.68,6.06,0.0
18,,400,51820,412,1.5464353000000002,1.26271,0.1256,0.212,24.93,0.0016,22.807784433374447,82.13,200,1.06,3.08,11.73,2.02,6.33,0.001318259285966512,15.38683118736717,361011715.4649639,-0.7516997,-12.5175,6.33,7.48,1.76,6.56,0.0
19,,359,51821,502,17.463804,53.781000000000006,0.20713,0.9420000000000001,26.04,0.0,0.0,140.75,200,1.02,3.29,11.47,1.88,6.46,0.001862085010390618,6.950913509309228,972157496.5960847,-1.552614,-13.07437,6.46,7.55,1.86,6.67,0.0
20,,403,51871,248,1.9468279999999998,-1.11374,0.23747,0.0556,24.95,0.0,0.0,15.46,200,1.09,3.19,11.56,1.92,0.0,0.001,12.682894837154329,359239239.56597966,-0.9036466999999999,-12.5439,0.0,1.12,-1.09,6.55,0.0
21,,439,51877,637,8.292906200000001,44.98079,0.14212,0.1356,24.85,0.0,0.0,24.73,200,1.02,3.28,11.17,1.98,5.92,0.001698241862446276,6.696777228249943,524914420.1745153,-1.176296,-12.36368,5.92,6.91,1.3,6.28,0.0
22,,436,51883,10,8.0188614,43.84182,0.25535,0.0735,25.14,0.0,0.0,18.84,200,1.11,2.69,11.76,1.99,6.5,0.00044668319979922937,16.837295220981982,323054434.565752,-0.5052838,-12.330219999999999,6.5,7.66,1.79,6.72,0.0
23,,446,51899,273,8.6510712,54.11885,0.17024,0.0708,24.73,0.0,0.0,28.03,210,1.1,2.87,11.41,1.98,5.96,0.0004897794216562508,8.732015729243491,536526231.86028636,-0.7691624,-12.25155,5.96,7.03,1.07,6.4,0.0
24,,449,51900,342,8.8227214,54.22513000000001,0.11350999999999999,0.0537,24.24,0.0,0.0,23.85,200,1.03,3.12,11.25,1.93,6.02,0.0026302684539632835,6.286062623680719,716246850.1672099,-1.07507,-12.371360000000001,6.02,7.04,1.04,6.48,0.0
25,,448,51900,335,8.8036591,57.00119,0.19369,0.322,25.51,0.0008,22.905234335987462,143.37,200,1.04,3.15,11.24,1.81,7.58,0.0008511386362915022,8.010685493108271,431003245.26586133,-0.7024372,-12.00385,7.58,8.6,25.64,6.65,7.58
26,,450,51908,638,9.3165253,55.322309999999995,0.22596,0.0614,24.94,0.0,0.0,10.58,200,1.03,2.72,11.51,1.85,0.0,0.0011748967293472915,8.337544232444046,740873495.9979224,-0.8424502,-12.41667,0.0,1.1,-0.41,6.6,0.0
27,,450,51908,330,9.030643699999999,55.9243,0.1409,0.638,25.51,0.0,0.0,176.48,200,1.03,3.0,11.01,1.85,6.59,0.001096478099832217,5.482615083923769,541807293.9779637,-0.27484790000000003,-11.35155,6.59,7.53,7.96,6.17,6.59
28,,456,51910,449,2.7662621,-6.81686,0.13857,0.102,24.7,0.0053,23.41567646602878,79.22,210,1.02,3.06,11.48,1.86,5.77,0.001318259285966512,8.757158323072352,626748453.2850987,-0.9222667,-12.43187,5.77,6.86,0.77,6.36,0.0
29,,275,51910,617,10.820580999999999,0.9958899999999999,0.10647999999999999,0.098,24.44,0.0031,22.94013617015257,71.47,210,1.03,3.19,11.4,1.91,5.97,0.0016982455916472975,6.704224762212474,889452210.1251359,-1.066354,-12.49565,5.97,7.04,1.47,6.28,0.0
30,,274,51913,218,10.652595,-0.78773,0.09515,0.043,23.98,0.0,0.0,115.91,210,1.01,3.19,11.47,1.92,6.33,0.0027542260421949856,7.657212222966505,801085795.0237324,-1.124576,-12.64828,6.33,6.33,6.35,6.01,6.33
31,,488,51914,191,10.292365,63.49828,0.18383,0.1627,25.17,0.0,0.0,27.4,200,1.01,2.45,11.28,1.78,7.06,0.0014125394057124814,5.679037506285477,940308562.362474,-0.02361588,-11.36495,7.06,8.09,9.36,6.57,7.06
32,,290,51941,291,12.546113,-0.92355,0.20496,0.064,24.87,0.0042,23.687070135924767,133.36,200,1.03,3.28,11.62,2.04,6.13,0.001380385355838289,8.609536596202373,895077137.6535944,-1.249627,-12.9104,6.13,7.26,0.76,6.73,0.0
33,,472,51955,469,9.221021499999999,0.7456699999999999,0.22530999999999998,0.040999999999999995,24.76,0.0,0.0,37.53,200,0.99,2.76,11.36,1.57,8.1,0.009549936765056095,8.283211441267762,531400909.401792,-0.5266325,-11.93967,8.1,8.67,46.67,6.91,8.1
34,,548,51986,512,8.4550868,46.58636,0.12487000000000001,0.091,24.55,0.0112,23.640175867814108,108.07,210,1.07,3.35,11.38,2.01,6.16,0.0020892946627203614,7.296978162974186,717024760.1994783,-1.170032,-12.588610000000001,6.16,7.22,2.28,6.28,0.0
35,,294,51986,627,13.199145999999999,0.23093000000000002,0.21211999999999998,0.0968,25.08,0.0,0.0,26.48,200,1.11,3.19,11.5,1.94,6.36,0.0012302692030632099,10.257659650534178,478325530.13454884,-1.005364,-12.52582,6.36,7.45,1.3,6.72,0.0
36,,552,51992,214,9.0161102,51.16591,0.12499,0.092,24.56,0.0,0.0,38.65,200,1.04,3.21,11.56,1.96,5.92,0.0018196978217203765,6.339706385093497,1437746311.4460213,-1.124788,-12.72452,5.92,7.03,2.14,6.07,0.0
37,,512,51992,594,11.493139,2.29244,0.12635,0.0766,24.49,0.0,0.0,19.1,200,1.02,3.31,11.33,1.89,5.76,0.001148154730847072,6.0821666746833705,919821212.2502806,-1.0318690000000001,-12.41,5.76,6.8,0.66,6.41,0.0
38,,514,51994,75,11.797656,2.27337,0.27934000000000003,0.0999,25.36,0.0,0.0,13.23,200,1.03,3.16,11.68,1.99,6.2,0.0007943275370132719,10.761766963304694,657738509.3560318,-0.526942,-12.272219999999999,6.2,7.34,1.32,6.56,0.0
39,,514,51994,221,11.716316,1.90618,0.13244,0.3863,25.24,0.0823,24.568474885950327,37.79,210,0.58,3.18,10.6,1.21,6.96,0.002454705465872905,3.883732870819076,420070139.9637973,0.5376411999999999,-10.108239999999999,6.96,7.51,12.69,6.33,6.96
40,,543,52017,11,7.9404887,37.05825,0.07745,0.193,24.44,0.0054,22.886836994190563,115.39,210,1.04,3.41,11.39,1.99,5.58,0.0009549915794217654,5.673131141680907,1213877409.1353712,-1.24308,-12.700460000000001,5.58,6.64,1.36,5.92,0.0
41,,366,52017,349,17.341197,59.228269999999995,0.22111999999999998,0.08199999999999999,25.05,0.0325,24.648068723353948,43.89,210,1.11,2.99,11.32,1.83,6.56,0.0008128302305789093,7.239021590941591,634541575.5061902,-0.8511324,-12.23045,6.56,7.6,2.37,6.66,0.0
42,,506,52022,485,10.70871,2.6196,0.18699000000000002,0.11,25.01,0.0,0.0,80.49,200,0.95,2.97,11.33,1.74,6.51,0.0007413100459583174,6.100692898239817,914243177.2871981,-0.6555819,-12.07277,6.51,7.56,2.75,6.55,6.51
43,,287,52023,573,12.242898,0.7910699999999999,0.25103000000000003,0.068,25.09,0.0044,23.900943890481877,109.39,200,1.08,3.25,11.68,1.94,6.77,0.0009120109194638906,11.254836377211628,601370424.4783381,-0.8781601000000001,-12.62181,6.77,7.91,2.84,6.79,6.77
44,,595,52023,612,16.055274,3.27905,0.2222,0.127,25.24,0.0,0.0,9.52,210,1.21,2.86,11.84,1.87,6.95,0.0010471273523601449,11.811446036995775,789249188.3899733,0.5519804,-11.34175,6.95,8.12,2.46,7.03,0.0
45,,522,52024,52,12.829868,1.72511,0.15825,0.165,25.03,0.0,0.0,94.31,200,1.1,3.42,11.54,2.01,5.59,0.0008511386362915022,8.717967944436394,726088499.2596456,-0.9637438,-12.57,5.59,6.7,0.53,6.35,0.0
46,,517,52024,391,12.068442,2.4115599999999997,0.08451,0.2256,24.59,0.1453,24.398926651621213,35.41,200,1.06,3.01,11.67,2.01,5.79,0.0006456534350656749,10.850940941897678,632245007.1582137,-0.8904479999999999,-12.60112,5.79,6.93,2.09,5.95,0.0
47,,523,52026,323,12.872948,3.265,0.09885,0.919,25.34,0.0,0.0,51.06,210,1.07,3.04,11.45,1.98,6.17,0.001096478099832217,5.1293868225445065,1704861240.7574716,-1.125831,-12.61635,6.17,7.25,2.99,6.17,6.17
48,,588,52029,358,14.806363000000001,4.19785,0.21458000000000002,0.057999999999999996,24.87,0.0,0.0,67.06,200,1.13,3.08,11.46,1.87,6.48,0.0006760828566222642,7.91017460496854,733580924.6339731,-0.23738499999999998,-11.76898,6.48,7.57,1.26,6.86,0.0
49,,629,52051,526,16.738879999999998,45.778999999999996,0.22464,0.1749,25.39,0.1151,25.208284914144944,24.16,210,0.6,3.43,11.5,1.31,7.09,0.0015488151224416985,7.217949730070647,966034030.363768,1.087177,-10.45673,7.09,8.19,4.05,6.96,7.09
50,,515,52051,167,11.906824,2.1147099999999996,0.13243,0.063,24.45,0.0,0.0,32.96,210,1.0,3.26,11.56,1.97,5.84,0.0013489602758497822,10.049983182106422,572123624.4438176,-1.170679,-12.8,5.84,6.96,1.59,6.12,0.0
51,,611,52055,163,15.089625,60.6704,0.15858,0.0546,24.56,0.0,0.0,43.7,210,1.02,3.36,11.73,2.02,6.13,0.0009332548746146908,11.580161537876325,637368269.0214291,-0.8045983,-12.60323,6.13,7.29,0.86,6.68,0.0
52,,329,52056,2,11.847497,-3.18697,0.12855,0.0526,24.34,0.0,0.0,9.23,200,0.98,3.17,11.33,1.98,5.5,0.0017377999128939915,7.572342563562317,593416407.3879418,-0.9912271,-12.40053,5.5,6.55,0.47,6.31,0.0
53,,603,52056,152,13.477007,63.48817,0.21899000000000002,0.138,25.26,0.003,23.59724240528963,105.95,200,1.05,2.83,11.43,1.82,6.19,0.001380382324630963,6.442329994659032,1032130241.467731,-0.11296220000000001,-11.62161,6.19,7.26,1.17,6.59,0.0
54,,603,52056,96,13.510926000000001,62.918690000000005,0.2211,0.0494,24.83,0.0,0.0,39.43,200,1.13,2.94,11.68,1.88,5.61,0.001096478099832217,14.049156469885915,385940129.30075586,-1.149893,-12.89524,5.61,6.76,0.22,6.75,0.0
55,,628,52083,387,16.585725,42.80005,0.2287,0.0403,24.77,0.0044,23.808148066046844,49.56,200,1.12,3.01,11.44,1.98,0.0,0.001949844428490234,9.657682941235095,469973991.8484872,-0.6717094,-12.19021,0.0,1.08,-1.39,6.53,0.0
56,,650,52143,528,0.026362,-8.865210000000001,0.17645999999999998,0.05,24.62,0.0,0.0,10.28,200,1.11,3.61,11.45,1.81,6.69,0.0007244369781881581,11.110528479657118,363371203.27928805,-0.6034259,-12.09159,6.69,7.77,2.96,6.69,6.69
57,,377,52145,496,22.61851,-0.04243,0.16149000000000002,0.0478,24.51,0.0093,23.799055263983856,44.52,210,1.09,3.01,11.52,1.95,5.71,0.0008709627484287174,9.392649052085707,597371361.3080242,-0.8482949000000001,-12.40755,5.71,6.81,0.75,6.31,0.0
58,,639,52146,290,21.246547,-7.844539999999999,0.21453000000000003,0.0648,24.91,0.0038,23.678208427599568,41.33,200,1.05,3.24,11.45,1.99,0.0,0.003090293803866819,7.142264939585117,879322181.4001781,-1.1464370000000002,-12.61471,0.0,1.08,-1.01,6.5,0.0
59,,662,52147,126,1.5571873,-10.43852,0.11316,0.3369,25.03,0.0,0.0,19.54,200,1.04,3.24,11.69,1.96,6.54,0.001513562312005786,8.42737161407361,1097578072.2149062,-0.8712499,-12.60773,6.54,7.68,2.84,6.56,6.54
60,,656,52148,251,0.7241147,-10.90606,0.12745,0.0823,24.53,0.0,0.0,51.0,210,1.03,2.92,11.55,1.92,7.29,0.0008912505467113454,8.268615093089997,825951926.893025,-0.9724454,-12.57784,7.29,7.43,21.26,6.44,7.29
61,,656,52148,636,0.8494626000000001,-9.48964,0.20002999999999999,0.0906,24.99,0.0,0.0,19.21,200,1.12,2.8,11.78,1.97,5.58,0.0006165949477018448,17.688264923977528,306513351.0495248,-0.7476816,-12.58636,5.58,6.75,0.48,6.38,0.0
62,,660,52177,133,1.3085147,-10.732330000000001,0.12598,0.0563,24.35,0.0,0.0,39.27,200,0.99,2.9,11.15,1.83,5.88,0.001513562312005786,5.48052781836388,748470998.5828017,-0.8895194,-12.06955,5.88,6.86,1.77,6.11,0.0
63,,657,52177,13,0.9448525999999999,-10.867519999999999,0.19594,0.106,25.04,0.0067,23.840769833838692,134.02,210,1.09,3.48,11.24,1.94,6.88,0.0012022642234116696,8.051736408467418,426619600.86542684,-0.9726296999999998,-12.27842,6.88,7.9,4.59,6.69,6.88
64,,659,52199,395,1.0900833,-9.81282,0.16441,0.1468,25.02,0.0,0.0,11.2,200,1.1,2.73,11.68,2.0,6.31,0.0011481522095981925,12.604705714165338,479462908.7243545,-0.4110013,-12.173680000000001,6.31,7.45,1.35,6.65,0.0
65,,680,52200,30,23.45297,-0.6994,0.099,0.223,24.73,0.0799,24.284241438123846,132.55,210,0.99,3.04,11.21,1.64,6.71,0.0012882485332938046,5.977140601085958,722492305.0055156,-9999.0,-9999.0,6.71,6.95,10.87,6.15,6.71
66,,719,52203,65,22.314945,-9.29526,0.18985,0.0469,24.66,0.0,0.0,12.05,200,1.08,2.85,11.53,2.01,6.26,0.0011748993093249613,10.19611491933632,518740816.39188266,-0.9297413,-12.47423,6.26,7.36,1.61,6.53,0.0
67,,719,52203,69,22.311888,-9.36079,0.18635,0.0842,24.9,0.006,23.75283874807684,61.39,200,1.07,2.96,11.52,1.94,6.3,0.0015488151224416985,8.20572271525636,782684826.9005241,-0.345425,-11.9135,6.3,7.4,1.1,6.74,0.0
68,,720,52206,492,22.393439,-8.10839,0.23581,0.1268,25.3,0.0,0.0,23.51,200,1.11,3.21,11.58,1.84,6.75,0.001318256391182683,9.958139948448633,610187918.4993893,-0.555466,-12.183489999999999,6.75,7.87,2.07,6.91,0.0
69,,564,52224,115,8.775236999999999,2.7843,0.20611999999999997,0.0601,24.84,0.0,0.0,52.16,200,1.06,2.94,11.55,1.87,6.44,0.0012882485332938046,8.681102106589966,749325640.4998906,-0.09189411,-11.6965,6.44,7.55,2.19,6.57,0.0
70,,564,52224,504,8.7729095,3.2610200000000003,0.2055,0.0701,24.91,0.0,0.0,30.17,200,1.09,3.19,11.61,1.94,6.73,0.0014791086480080836,8.189039501855135,966838322.617997,-0.5060514,-12.146560000000001,6.73,7.86,3.69,6.64,6.73
71,,762,52232,577,8.6313202,44.84055,0.20697,1.415,26.22,0.0,0.0,124.72,200,1.11,3.03,11.53,1.58,8.36,0.0064565485286811105,6.709544319700253,1197936541.4792821,-0.11915430000000002,-11.692089999999999,8.36,8.77,75.42,6.95,8.36
72,,567,52252,407,9.2479309,4.26536,0.14225,0.0537,24.45,0.0,0.0,8.12,210,1.07,3.03,11.65,2.0,6.55,0.0023442333453268602,10.252913726256649,676277820.2463727,-0.7876568,-12.48086,6.55,7.69,2.41,6.65,0.0
73,,759,52254,22,8.2534286,38.6793,0.12528,0.4878,25.29,0.0,0.0,34.24,200,1.11,2.75,11.11,1.88,6.09,0.008128320154879926,2.940463856818313,2371308713.692889,-1.560853,-12.726360000000001,6.09,7.06,2.02,6.27,0.0
74,,765,52254,127,9.105711900000001,47.86894,0.24003000000000002,0.1517,25.39,0.0,0.0,43.83,210,1.16,3.43,11.72,2.06,6.88,0.0019054595463785964,13.051049426966578,490376364.7416984,-1.252845,-13.04167,6.88,8.03,3.01,6.88,6.88
75,,555,52266,227,9.4511892,54.396269999999994,0.12425,0.129,24.7,0.0,0.0,39.93,210,1.01,3.02,11.32,1.86,5.82,0.001318256391182683,6.129236113742402,885130126.7322547,-1.2362389999999999,-12.60765,5.82,6.87,1.15,6.24,0.0
76,,555,52266,605,9.6393056,55.72609,0.22116,0.0726,24.99,0.0,0.0,46.9,200,1.07,2.75,11.4,1.87,6.4,0.0016595879278457615,8.666619136808997,532255707.54451436,-1.2013989999999999,-12.67088,6.4,7.47,2.0,6.58,0.0
77,,761,52266,5,8.5193222,41.79392,0.13202,0.155,24.84,0.0059,23.420520476918693,161.42,200,1.05,3.28,11.44,2.01,6.09,0.0009549936765056096,9.389651964678977,497188095.93194526,-1.0970739999999999,-12.59318,6.09,7.17,1.96,6.27,0.0
78,,770,52282,198,9.9781871,60.22775,0.21619000000000002,0.2117,25.44,0.0,0.0,16.0,200,1.03,3.16,11.26,1.87,6.06,0.0014125363038976315,7.430206656374531,524588269.06984496,-1.15625,-12.446,6.06,7.09,1.36,6.41,0.0
79,,519,52283,475,12.374647,2.50264,0.22899999999999998,0.2782,25.61,0.0,0.0,17.06,200,1.07,3.13,11.53,1.93,6.47,0.0006760828566222642,10.033438017417287,535698364.3927667,-0.19496259999999999,-11.79775,6.47,7.58,2.24,6.6,0.0
80,,572,52289,550,10.024654,4.57699,0.22153,0.096,25.12,0.0,0.0,74.89,210,1.13,3.04,11.66,2.01,6.55,0.0011220189470737864,11.391606453642721,560596049.7010857,-0.2557591,-11.98835,6.55,7.69,1.67,6.8,0.0
81,,775,52295,639,11.532152,61.7886,0.24386999999999998,0.1091,25.26,0.0691,25.06165353679379,6.91,200,0.96,2.99,11.64,1.9,0.0,0.001,16.775218665080768,246878969.0545037,-0.4785202,-12.16947,0.0,1.13,-1.02,6.56,0.0
82,,560,52296,370,10.520788,60.59656999999999,0.25364000000000003,0.1256,25.36,0.0,0.0,21.1,210,1.17,3.22,11.62,2.0,6.52,0.0016218102398133033,11.340809444411473,515860067.6852743,-0.8098052,-12.485710000000001,6.52,7.65,1.61,6.79,0.0
83,,827,52312,463,8.451502,37.81147,0.20643000000000003,0.3639,25.63,0.0,0.0,49.45,210,1.19,3.0,11.64,1.87,6.51,0.001862085010390618,8.014867460576808,1081503140.9060028,-0.5193032999999999,-12.21295,6.51,7.65,2.21,6.64,0.0
84,,526,52312,186,13.315014000000001,1.82791,0.179,0.064,24.74,0.0,0.0,293.53,200,1.09,3.17,11.6,1.98,6.3,0.001318256391182683,10.36353051917416,589936207.2566215,-0.8093804,-12.438260000000001,6.3,7.42,1.15,6.72,0.0
85,,834,52316,288,9.492199699999999,46.44556,0.16785999999999998,0.0578,24.63,0.006999999999999999,23.71316938519545,206.99,210,0.98,3.26,11.44,1.91,6.42,0.001513562312005786,7.169921860743836,852689404.9179566,-0.892373,-12.39247,6.42,7.5,1.37,6.76,0.0
86,,559,52316,235,10.311808000000001,58.976769999999995,0.19813,0.2186,25.37,0.0,0.0,19.87,200,1.07,3.11,11.44,1.95,6.07,0.0011220189470737864,9.825897364005906,454020293.5938352,-1.223254,-12.68895,6.07,7.15,1.95,6.25,0.0
87,,828,52317,584,8.7116109,39.18148,0.11656,0.052000000000000005,24.25,0.0,0.0,20.46,200,1.02,3.25,11.25,1.98,6.23,0.001380385355838289,6.77053494562037,617410716.9096509,-0.9374157,-12.25494,6.23,7.25,2.27,6.35,0.0
88,,784,52327,97,13.329253,60.51197,0.07024,0.2084,24.39,0.0,0.0,17.97,200,0.97,3.19,10.91,1.85,6.31,0.0014454392628956644,3.324235910988091,1170674896.215521,-1.226667,-12.193430000000001,6.31,6.31,9.11,5.83,6.31
89,,778,52337,41,12.143642,61.351780000000005,0.27475,0.18600000000000003,25.61,0.0801,25.244120158755692,113.52,210,0.44,3.16,11.53,1.24,7.18,0.0016595879278457615,7.829622178082156,879707417.0393293,1.42699,-10.14841,7.18,8.29,3.61,7.1,7.18
90,,579,52338,56,10.895857000000001,3.53844,0.23544,0.188,25.47,0.0215,24.52827995711637,46.65,200,1.18,3.32,11.64,2.0,5.82,0.0005623413251903491,9.535060117128054,764141178.541066,-1.118431,-12.80463,5.82,6.96,0.48,6.62,0.0
91,,874,52338,308,10.348245,48.52337,0.05315,1.859,25.09,0.075,23.69578203369305,301.53,200,1.07,3.17,11.1,1.93,6.07,0.001096478099832217,4.646270921701067,928135648.5816547,-1.4617200000000001,-12.647110000000001,6.07,6.46,8.25,5.63,6.07
92,,578,52339,70,10.763472,4.34239,0.15392,0.1844,25.06,0.0,0.0,43.08,210,1.0,3.05,11.76,2.0,0.0,0.001,13.033030700481556,539174723.0985383,-0.839879,-12.66116,0.0,1.16,-0.71,6.29,0.0
93,,605,52353,639,14.175167000000002,63.316919999999996,0.15875,0.228,25.18,0.0,0.0,178.38,200,1.03,3.02,11.03,1.81,5.38,0.001380385355838289,5.534917116266142,556669748.7213316,-1.3824319999999999,-12.4544,5.38,6.32,0.26,6.44,0.0
94,,574,52355,352,10.159644,4.29669,0.2405,0.062,25.0,0.001,23.20760834771282,67.02,200,1.1,3.05,11.74,1.92,6.55,0.0005623413251903491,9.840470669911332,903208799.9787519,-1.177492,-12.9697,6.55,7.71,1.65,6.81,0.0
95,,577,52367,374,10.578683999999999,5.55549,0.14082,0.1671,24.93,0.0,0.0,26.54,200,1.04,3.3,11.57,2.03,5.58,0.001380385355838289,11.059199463453247,483473243.6171731,-0.5947060000000001,-12.21226,5.58,6.7,0.16,6.85,0.0
96,,331,52368,528,12.045110000000001,-1.3960700000000001,0.24803000000000003,0.0591,25.01,0.0,0.0,9.1,200,1.14,3.02,11.81,1.87,6.28,0.0004570880290185209,14.96479274487092,458858877.48163307,-0.2655059,-12.13238,6.28,7.45,1.53,6.57,0.0
97,,906,52368,169,10.775614,54.59993000000001,0.14475,0.27899999999999997,25.18,0.0079,23.63202315993407,264.34,200,1.01,3.33,11.01,1.44,8.14,0.006918312139914402,4.643476571242099,755324971.9448272,-0.2553528,-11.31136,8.14,8.8,66.61,6.79,8.14
98,,580,52368,594,11.063786,4.86782,0.18455,0.0442,24.61,0.0,0.0,9.7,200,1.05,3.26,11.48,1.88,0.0,0.0009772388518648138,8.607024245620444,648804153.0467452,-1.2943870000000002,-12.86408,0.0,1.09,-0.12,6.54,0.0
99,,793,52370,12,15.254328,54.208890000000004,0.158,0.091,24.77,0.0,0.0,51.56,210,1.06,3.06,11.71,1.95,6.44,0.0009772367059324805,11.790691180618985,587139962.3629482,-0.8743063,-12.63461,6.44,7.59,1.83,6.65,0.0
100,,908,52373,56,11.207458,55.436930000000004,0.13902,0.045,24.35,0.0,0.0,59.85,210,1.03,3.19,11.27,1.96,0.0,0.0009549915794217654,7.9473126155303655,469223760.63432384,-0.9193058000000001,-12.28043,0.0,1.03,-0.01,6.55,0.0
101,,854,52373,529,13.759101999999999,5.76957,0.12500999999999998,0.081,24.51,0.0,0.0,43.47,210,1.03,3.41,11.33,1.93,5.74,0.0012882485332938046,7.976129700096968,534854483.22605705,-1.082973,-12.47865,5.74,6.79,1.4,6.07,0.0
102,,854,52373,63,13.765097,4.00274,0.18983,0.0986,24.98,0.0,0.0,31.94,200,0.96,2.77,11.04,1.7,6.07,0.001949844428490234,4.337736068448528,927457134.1418568,0.07299556,-12.65231,6.07,7.01,1.07,6.51,0.0
103,,839,52373,205,11.741144,3.9710400000000003,0.12742,0.0756,24.49,0.0158,23.81013504700703,33.01,200,1.05,3.14,11.31,1.85,5.96,0.0015488151224416985,5.101368724871621,1248668398.515655,-0.9843653,-12.33412,5.96,7.0,1.74,6.2,0.0
104,,772,52375,5,10.575889,61.47047,0.11654,0.094,24.51,0.0017,22.767321316455565,115.07,200,1.02,3.0,11.54,1.89,5.92,0.0008912505467113454,8.477720805161576,767824337.3200523,-0.9801038000000001,-12.57967,5.92,7.02,1.22,6.3,0.0
105,,852,52375,425,13.422014,5.35644,0.17488,0.055999999999999994,24.66,0.0,0.0,74.86,210,1.06,3.11,11.54,1.97,5.86,0.0015488151224416985,10.911265860036147,463521430.2809177,-1.168161,-12.76574,5.86,6.97,0.32,6.82,0.0
106,,624,52377,501,16.33535,47.684709999999995,0.19510999999999998,0.11800000000000001,25.09,0.0,0.0,33.58,200,1.11,2.91,11.47,2.02,6.38,0.0014125363038976315,7.8306099379823495,766000787.6812518,-1.048557,-12.57864,6.38,7.47,2.4,6.48,0.0
107,,910,52377,437,13.460617999999998,-2.05275,0.18269000000000002,1.1987,26.03,0.0,0.0,14.33,200,1.1,2.74,11.67,1.87,6.77,0.0009332548746146908,9.520659440727561,821270355.7258776,-0.08672326,-11.80769,6.77,7.91,4.89,6.55,6.77
108,,795,52378,4,15.688552,51.678779999999996,0.14814000000000002,0.0403,24.36,0.0087,23.69421483155729,31.15,200,1.07,3.0,11.71,2.11,5.59,0.0007585777749219503,12.494919855349329,522821236.7847879,-1.059903,-12.83178,5.59,6.74,0.59,6.3,0.0
109,,795,52378,447,15.524004999999999,52.59822,0.20535,0.077,24.95,0.0,0.0,73.08,200,1.13,3.21,11.38,2.0,5.96,0.0006456534350656749,8.386484139083292,542825681.3623505,-1.366852,-12.80895,5.96,7.02,0.82,6.52,0.0
110,,885,52379,168,12.646519,52.05059,0.22075999999999998,0.055999999999999994,24.88,0.0388,24.72064286148953,22.52,200,0.68,2.76,11.04,1.31,7.77,0.0007413100459583174,5.734197727454996,530731378.14193547,0.20613579999999998,-10.8896,7.77,8.2,27.27,6.81,7.77
111,,818,52395,570,16.774561,38.52111,0.10752,0.419,25.08,0.0,0.0,57.22,210,0.85,2.93,11.02,1.43,6.31,0.0012022642234116696,4.068742774609404,1006700119.223643,0.44543999999999995,-10.6309,6.31,6.81,4.7,6.11,6.31
112,,956,52401,317,12.429055,59.69191,0.21835,0.0497,24.82,0.0026,23.538616650390377,52.51,200,1.02,2.65,11.64,1.76,6.71,0.00026302684539632843,20.025149929141797,173248276.25556782,0.4083353,-11.32286,6.71,7.84,2.91,6.72,6.71
113,,796,52401,352,15.599073,51.42145,0.16209,0.0741,24.71,0.0,0.0,10.36,200,1.03,3.28,11.29,1.96,0.0,0.0017377999128939915,6.2436023623759445,796066999.6789625,-1.088663,-12.484210000000001,0.0,1.03,-0.16,6.49,0.0
114,,923,52404,473,15.213102,-1.73983,0.14605,0.12,24.82,0.0,0.0,107.13,200,0.69,2.54,10.67,1.04,8.51,0.00026302684539632843,4.57603475907365,355501615.5032944,0.3798081,-10.35399,8.51,8.75,96.28,7.0,8.51
115,,923,52404,268,15.155733999999999,-1.91035,0.11210999999999999,0.3014,24.98,0.0,0.0,13.06,200,0.96,2.87,10.85,1.63,6.47,0.0006918304543901497,3.690214386406206,827403431.7539837,-0.7945054,-11.72885,6.47,7.33,6.28,6.14,6.47
116,,954,52405,241,12.041144000000001,58.692569999999996,0.12683,0.139,24.75,0.001,22.606985237765922,131.6,210,1.01,3.26,11.44,1.86,6.08,0.001380385355838289,9.685961699998918,467233762.0898605,-1.342551,-12.81442,6.08,7.16,1.36,6.43,0.0
117,,902,52409,325,9.740484599999998,52.02689,0.24957,0.09699999999999999,25.23,0.0034,23.77470673243552,80.52,200,0.75,2.97,11.39,1.34,6.92,0.0005248066304984973,8.590415470923231,529409996.37682986,1.290335,-10.15585,6.92,7.46,4.06,6.79,6.92
118,,970,52413,287,12.197521,48.81978,0.29429,0.12300000000000001,25.5,0.0,0.0,24.53,200,1.07,2.93,11.82,1.74,6.16,0.002818387882415137,15.33838537541122,446951640.9668408,-0.16940560000000002,-12.037,6.16,7.33,1.12,6.58,0.0
119,,970,52413,543,12.313856,50.43824,0.1992,0.61,25.82,0.0042,23.65791912124372,196.39,200,0.93,3.14,11.08,1.1,8.89,0.0016218102398133033,7.104779998760267,379069451.1670391,0.22289539999999997,-10.90737,8.89,9.22,87.78,7.43,8.89
120,,911,52426,391,13.502868,-2.10501,0.08657000000000001,0.132,24.38,0.0,0.0,25.93,210,1.01,3.12,11.28,1.96,4.91,0.001318256391182683,6.597949442046054,696629558.4049929,-0.2019529,-11.5348,4.91,5.94,0.44,5.74,0.0
121,,922,52426,107,15.141186,-2.24043,0.11782000000000001,0.0402,24.15,0.0,0.0,12.5,200,1.04,3.29,11.27,1.85,6.3,0.0029512045606320692,4.2367797069809665,1651006651.1980414,-0.7225078,-12.069189999999999,6.3,7.33,2.34,6.41,0.0
122,,911,52426,192,13.531075,-2.8721,0.08653,0.0727,24.12,0.0,0.0,29.44,200,1.01,2.89,11.55,1.93,5.69,0.0006309576215861531,8.79901466842681,729377293.4603701,-0.8626184000000001,-12.47685,5.69,6.8,1.01,6.16,0.0
123,,973,52426,394,16.975588000000002,33.41166,0.17887999999999998,0.10800000000000001,24.96,0.0,0.0,51.84,200,1.05,3.28,11.26,1.87,6.44,0.0014791086480080836,7.217321455555442,555991641.4017938,-1.1327559999999999,-12.45412,6.44,7.46,1.45,6.76,0.0
124,,912,52427,38,13.739854999999999,-2.37757,0.24220999999999998,0.096,25.2,0.0017,23.448178448232753,57.76,200,1.14,3.09,11.54,1.91,6.42,0.0014454392628956644,8.36445189335948,788760435.3217415,-0.582437,-12.1815,6.42,7.53,0.94,6.93,0.0
125,,948,52428,432,10.648994,57.87988000000001,0.10078,0.233,24.77,0.0022,22.745067225318287,91.16,200,1.02,3.0,10.83,1.92,6.14,0.002454710856206481,3.6024988559867883,829110379.8126906,-0.8821220999999999,-11.77936,6.14,6.99,3.39,6.08,6.14
126,,849,52439,505,13.04177,5.66144,0.13112000000000001,0.1174,24.71,0.0167,23.863047451423373,19.31,200,1.02,3.25,10.95,1.89,6.23,0.0020892992506415303,3.874039901675458,945130464.0261023,-0.7716876,-11.80044,6.23,7.14,2.58,6.3,6.23
127,,969,52442,491,12.074566,50.17194,0.20873000000000003,0.066,24.9,0.0,0.0,104.62,200,1.09,3.67,11.47,1.95,5.87,0.0013489632380568445,8.732079096226549,616006190.76473,-1.0321120000000001,-12.54659,5.87,6.96,0.54,6.62,0.0
128,,969,52442,530,12.122532000000001,51.02097,0.18478,0.068,24.79,0.0,0.0,10.82,200,1.06,2.76,11.61,1.96,6.13,0.0005495417909851545,11.094856544172538,526715872.455004,-0.9082537,-12.62791,6.13,7.26,1.21,6.53,0.0
129,,1046,52460,233,14.445571,49.54376,0.19115,0.0558,24.74,0.0,0.0,19.82,200,1.11,2.67,11.71,1.96,6.3,0.0009772367059324805,13.403284596646392,454357489.62908936,-0.8256661,-12.5651,6.3,7.45,2.29,6.42,0.0
130,,1043,52465,100,13.896486999999999,51.959540000000004,0.13202,0.0904,24.6,0.0,0.0,8.03,200,0.97,2.94,11.19,1.92,6.35,0.002454710856206481,3.94365382516517,1584973995.0977135,-1.174415,-12.38684,6.35,7.35,2.77,6.38,6.35
131,,687,52518,67,0.33687870000000003,0.08066,0.21269000000000002,0.165,25.31,0.0,0.0,166.56,210,1.11,2.93,11.41,1.94,6.09,0.001862089099377868,9.136851443020776,490034719.7583063,-0.9180502,-12.3629,6.09,7.16,0.93,6.6,0.0
132,,686,52519,617,0.213216,0.78772,0.14844000000000002,0.0586,24.52,0.0055,23.49246553018085,26.82,200,1.1,2.99,11.5,2.07,6.25,0.0012882485332938046,10.183841679227038,485284984.29269534,-1.1125260000000001,-12.64043,6.25,7.35,1.21,6.64,0.0
133,,988,52520,319,21.409713,-0.53477,0.23540999999999998,0.0754,25.07,0.0021,23.514847610791612,36.19,200,1.1,2.87,11.51,1.8,6.31,0.001995263191254866,6.019597795085846,1421298872.8816333,-0.03985633,-11.60325,6.31,7.41,1.76,6.54,0.0
134,,646,52523,262,23.414722,-10.20316,0.15965,0.07,24.67,0.0,0.0,92.57,200,1.0,2.74,11.15,1.81,6.91,0.00038904528168399446,5.588422332983026,719848843.1855599,-0.28789580000000004,-11.49891,6.91,7.89,8.44,6.46,6.91
135,,756,52577,110,7.872732000000001,33.563590000000005,0.1403,0.066,24.52,0.0,0.0,86.52,200,1.03,3.31,11.43,1.95,0.0,0.0016595842835336395,7.539497965718708,753590786.5163196,-1.1862190000000001,-12.66019,0.0,1.08,-0.13,6.09,0.0
136,,893,52589,394,8.267190600000001,38.07094,0.17275,0.4075,25.51,0.1573,25.096601322910708,23.74,200,1.0,2.9,11.62,1.8,6.69,0.0007079464062202758,10.245572420067326,632044362.944891,-0.2248935,-11.916139999999999,6.69,7.82,3.26,6.66,6.69
137,,896,52592,94,8.7580658,42.33136,0.13304000000000002,0.201,24.96,0.0145,23.81817101076529,132.23,200,1.02,3.13,11.16,1.79,6.71,0.0016218102398133033,4.772979832311626,1009812588.6267117,-0.7180930999999999,-11.9,6.71,7.11,8.63,6.25,6.71
138,,944,52614,43,10.367968,44.86226,0.08299,0.3493,24.76,0.0,0.0,31.03,200,1.06,3.13,11.42,1.98,6.15,0.0012302692030632099,7.382061297114677,768183392.5018308,-1.351658,-12.82647,6.15,7.22,5.0,5.92,6.15
139,,944,52614,486,10.308746000000001,46.15461,0.16542,0.040999999999999995,24.47,0.0,0.0,161.77,200,1.06,3.21,11.55,1.99,6.43,0.0011748967293472915,9.295397506086935,653558382.4709238,-0.8305587999999999,-12.40575,6.43,7.54,2.37,6.53,0.0
140,,894,52615,463,8.4483515,39.81215,0.23555,0.0625,24.99,0.0139,24.337134543738976,24.39,200,1.08,3.32,11.41,1.86,7.05,0.0019054595463785964,6.433753425450026,988305367.6226443,-0.14186329999999994,-11.60777,7.05,8.12,6.55,6.71,7.05
141,,962,52620,581,10.750762,47.29978,0.14492,0.0762,24.62,0.0,0.0,21.69,200,1.05,3.32,11.5,1.98,6.41,0.001862089099377868,7.08634705762009,1002248223.1979408,-1.114833,-12.656839999999999,6.41,7.5,2.25,6.53,0.0
142,,932,52620,71,8.524304699999998,32.32413,0.0512,1.9909999999999999,25.09,0.0,0.0,303.55,200,1.09,3.04,11.12,1.86,6.46,0.0012882485332938046,4.286082846016689,1142086228.1013775,-0.9481261999999999,-12.11549,6.46,6.93,16.19,5.73,6.46
143,,996,52641,627,10.221252,6.75535,0.12393,0.3022,25.07,0.0,0.0,17.22,200,1.0,3.28,11.23,1.92,5.77,0.0005011875637969403,6.782875211513759,587478557.1020025,-1.0052590000000001,-12.2963,5.77,6.78,1.01,6.24,0.0
144,,996,52641,34,10.234557,6.2434400000000005,0.10664000000000001,0.0869,24.39,0.0,0.0,14.15,200,1.03,3.15,11.62,1.94,5.9,0.001380385355838289,9.34754031777231,759320846.3660978,-0.6678921999999999,-12.33462,5.9,7.03,1.1,6.33,0.0
145,,1185,52642,423,8.379898599999999,4.297219999999999,0.09541000000000001,0.132,24.47,0.0024,22.729636654599837,80.1,200,1.01,3.27,11.35,1.94,5.91,0.0014125363038976315,5.3059182661598605,1265608554.6617358,-0.9963719000000001,-12.39632,5.91,6.97,2.1,6.07,0.0
146,,1000,52643,18,10.741748,5.74516,0.24531999999999998,0.0419,24.85,0.0,0.0,18.9,200,1.13,2.97,11.68,1.88,6.62,0.0010715186464071414,11.335383333860927,592854354.2652818,-1.008724,-12.76186,6.62,7.76,2.11,6.77,0.0
147,,905,52643,356,10.440211999999999,54.48508,0.1567,0.213,25.14,0.0,0.0,31.97,210,1.06,2.9,11.2,1.82,6.22,0.00040738040304434886,8.701322624217344,333157349.1075663,-1.016576,-12.27045,6.22,6.22,2.18,6.36,0.0
148,,971,52644,150,12.464675999999999,49.676559999999995,0.26494,0.042,24.93,0.0036,23.863053527409573,68.58,210,1.12,3.09,11.58,1.95,6.35,0.0009549936765056096,10.319838300962623,568164729.832811,-0.7259857,-12.36786,6.35,7.47,1.05,6.8,0.0
149,,1009,52644,427,10.528754,52.42644,0.16651,0.7979999999999999,25.77,0.0837,24.790723052101413,42.96,200,0.99,3.12,11.29,1.51,7.48,0.001148154730847072,5.100017013668584,1193099994.4335015,0.36688930000000003,-10.97214,7.48,7.99,20.61,6.65,7.48
150,,1002,52646,296,10.91815,5.91489,0.17287,0.161,25.11,0.0013,23.01711808469755,74.25,200,0.98,2.99,11.22,1.82,6.8,0.0008128302305789093,7.13775798396652,518437922.5814841,-0.6764134,-11.92475,6.8,7.81,4.93,6.59,6.8
151,,1186,52646,613,8.6155192,5.54502,0.09927000000000001,0.055,24.13,0.0165,23.607120432743567,155.19,210,0.99,2.42,11.3,1.64,7.23,0.00022908658417692147,8.74012309873618,415704976.4576523,0.241019,-11.117519999999999,7.23,8.04,32.55,6.2,7.23
152,,1012,52649,197,11.214872,53.83028,0.21558000000000002,0.102,25.12,0.0,0.0,12.02,200,1.18,3.21,11.68,2.07,6.3,0.0017377999128939915,10.561495793505658,682919598.0117089,-0.5792924,-12.29703,6.3,7.45,1.32,6.66,0.0
153,,1010,52649,199,10.737867999999999,52.68209,0.18684,0.0557,24.72,0.0024,23.35435538928373,47.67,210,1.09,3.22,11.32,1.92,6.27,0.0014791086480080836,6.503257064602634,786245157.5705478,-1.0777700000000001,-12.46011,6.27,7.31,1.28,6.64,0.0
154,,1192,52649,448,9.049780300000002,6.32909,0.07708,0.057999999999999996,23.92,0.0099,23.152207282819518,33.27,210,1.01,3.07,11.31,2.03,5.72,0.0011481522095981925,6.553269282442643,756666528.464963,-1.038543,-12.39847,5.72,6.76,1.6,5.99,0.0
155,,945,52652,488,10.019807,55.13936999999999,0.21445999999999998,0.1012,25.11,0.0,0.0,45.21,210,1.1,3.24,11.65,1.91,6.44,0.001096478099832217,10.867440387983887,601956650.514776,-0.7055431999999999,-12.38524,6.44,7.57,1.77,6.67,0.0
156,,1200,52668,457,9.1627513,41.95585,0.14003,0.2657,25.13,0.0,0.0,11.19,200,1.04,2.66,11.73,1.97,5.97,0.0006309576215861531,14.881911553578641,385924398.26089793,-0.5558927,-12.36289,5.97,7.13,1.21,6.37,0.0
157,,1163,52669,170,14.833385999999999,54.084480000000006,0.14138,0.1077,24.74,0.0,0.0,22.61,210,1.04,2.83,11.45,2.02,5.85,0.0006165949477018448,10.5238102708282,405017623.78121746,-0.4931645000000001,-12.0075,5.85,6.94,0.9,6.38,0.0
158,,1001,52670,3,10.910988,6.1085199999999995,0.13549,0.0587,24.44,0.0,0.0,40.89,200,1.01,3.38,11.43,1.94,5.68,0.0008317639172213712,7.103568531878096,848921020.4572253,-1.1490559999999999,-12.61037,5.68,6.76,0.71,6.31,0.0
159,,1205,52670,491,8.092035899999999,25.80345,0.13698,0.0692,24.52,0.0043,23.313362822197494,332.14,210,1.0,3.25,11.54,1.93,0.0,0.0007413100459583174,8.090394920204979,843103030.5788281,-0.856632,-12.462760000000001,0.0,1.11,-0.19,6.63,0.0
160,,1201,52674,135,9.2660868,41.48435,0.15098,0.1172,24.84,0.0,0.0,15.63,200,1.08,3.2,11.59,2.06,6.26,0.0014454392628956644,11.301268568374352,484803663.06968033,-1.182315,-12.8395,6.26,7.38,1.47,6.57,0.0
161,,1209,52674,339,8.645725500000001,32.88662,0.21275,0.114,25.15,0.0114,24.149999625001765,50.13,210,1.1,3.19,11.68,1.94,6.7,0.0008511367672643796,11.354320660275798,590878416.7859894,-0.8495381,-12.547889999999999,6.7,7.84,2.43,6.79,0.0
162,,1201,52674,213,9.2459829,41.620670000000004,0.14038,0.449,25.36,0.0042,23.33100355292796,73.24,200,1.17,2.68,11.95,1.82,7.57,0.000776247730275455,12.61305261889026,891619433.9009539,-0.39162129999999995,-12.41734,7.57,8.27,30.1,6.56,7.57
163,,1194,52703,242,9.195648199999999,6.16932,0.17556,0.055999999999999994,24.66,0.0011,22.953204479678163,72.6,200,1.04,3.01,11.38,1.86,5.94,0.0007585777749219503,8.476917713621223,531305499.4224973,-0.9273805,-12.35783,5.94,7.01,0.63,6.62,0.0
164,,1265,52705,158,8.0930567,24.16399,0.05968,4.781000000000001,25.6,0.0,0.0,188.84,200,0.96,3.26,10.99,1.68,7.79,0.001513562312005786,3.2758102323695453,1449380561.595129,-0.44338779999999994,-11.50135,7.79,8.04,76.89,6.38,7.79
165,,1017,52706,284,11.836466,53.72241999999999,0.06031,0.0743,23.8,0.0131,23.046281731849323,31.28,200,1.07,2.68,11.25,2.07,5.74,0.0013489632380568445,7.932067487378697,449828875.6384117,-1.059688,-12.40783,5.74,6.76,1.79,5.97,0.0
166,,1013,52707,165,11.357347,53.7491,0.10378,0.083,24.34,0.0076,23.301735685786728,103.19,200,1.03,2.83,11.56,1.9,6.08,0.000501187013514281,12.385543969643832,376695455.09962654,-0.9412189000000001,-12.573269999999999,6.08,7.19,2.37,6.18,0.0
167,,938,52708,506,9.323181199999999,40.6508,0.27867,0.051,25.06,0.006,24.130580541845962,102.7,200,1.07,2.75,11.74,1.96,6.23,0.0009120109194638906,11.420047207674234,670631740.4785879,0.5318589,-11.262830000000001,6.23,7.39,1.36,6.57,0.0
168,,1187,52708,96,8.6840525,4.791930000000001,0.20246,0.142,25.2,0.0,0.0,12.63,200,1.08,3.1,11.73,2.19,0.0,0.0014125394057124814,12.192162279539394,574987237.0038508,-0.7178148,-12.52241,0.0,1.15,-0.96,6.45,0.0
169,,1004,52723,175,11.181396000000001,7.23389,0.22054,0.0549,24.87,0.0,0.0,11.71,210,1.12,2.74,11.91,1.93,5.91,0.0008511386362915022,14.555979672225986,610572300.8106897,0.06491444,-11.90855,5.91,7.1,0.99,6.4,0.0
170,,1195,52724,405,9.408565300000001,7.9489,0.10428,0.055,24.17,0.0,0.0,24.33,210,1.05,3.16,11.61,1.97,5.93,0.001819701817628807,7.080052561471008,1293441599.666642,-0.9682550999999999,-12.58113,5.93,7.06,1.42,6.26,0.0
171,,1234,52724,13,9.804077099999999,7.71444,0.16297,0.1888,25.12,0.0,0.0,18.39,210,1.05,2.73,11.56,1.94,5.42,0.0011220164832168363,11.114705182117618,467761696.8007577,-1.337774,-12.90848,5.42,6.53,0.11,6.86,0.0
172,,1231,52725,47,12.455089,8.84355,0.08847999999999999,0.0448,23.93,0.0,0.0,23.91,200,1.0,3.41,11.12,1.96,5.47,0.0016218102398133033,5.091839697330547,809227386.2790053,-1.227087,-12.39462,5.47,6.45,0.76,6.07,0.0
173,,1042,52725,519,13.693014000000002,53.74548000000001,0.14094,1.1179999999999999,25.76,0.4552,25.36976064470046,79.28,200,0.97,3.23,11.29,1.59,7.52,0.0014454392628956644,5.806502249665427,920430277.2822144,0.3282157,-11.00327,7.52,8.04,27.49,6.56,7.52
174,,1042,52725,594,13.765988,54.05461999999999,0.1625,0.33,25.36,0.0093,23.809969606710897,287.95,200,1.08,3.27,11.24,1.94,6.87,0.0006309576215861531,7.206144520442842,532615703.9897205,-1.055669,-12.31652,6.87,7.89,6.13,6.56,6.87
175,,1215,52725,533,9.6900055,39.74496,0.1075,1.811,25.72,0.0,0.0,74.85,200,0.98,3.06,11.25,1.6,8.03,0.0009120109194638906,4.461130912737751,1422100194.6794753,0.4520403,-10.847389999999999,8.03,8.39,71.66,6.65,8.03
176,,1288,52731,587,14.628101999999998,45.39283,0.24796999999999997,0.0962,25.23,0.0,0.0,10.62,200,1.1,3.29,11.79,1.99,6.34,0.0010471296517666536,12.941264592201328,585958232.1538968,-0.6532011999999999,-12.50417,6.34,7.5,1.82,6.55,0.0
177,,995,52731,526,10.027944,6.818389999999999,0.22665,0.1085,25.19,0.0,0.0,21.0,200,1.04,2.79,11.63,1.75,6.4,0.0007943275370132719,9.228816359076632,797128317.9162471,-0.2934741,-11.95962,6.4,7.53,1.3,6.76,0.0
178,,1227,52733,184,11.899688000000001,9.65829,0.10279,0.672,25.24,0.0025,22.810570508030683,217.09,200,1.04,3.07,11.59,1.99,6.06,0.001096478099832217,9.35297092808668,707817205.8106503,-1.0073809999999999,-12.66737,6.06,7.18,2.28,6.18,0.0
179,,1015,52734,478,11.612079,54.91301,0.05538,0.0418,23.48,0.0,0.0,9.89,200,1.0,3.26,11.12,1.9,5.74,0.002187762392612301,4.431012429025737,1068597320.1979668,-1.015675,-12.16099,5.74,6.72,2.21,5.87,0.0
180,,1291,52735,302,14.994458999999999,41.29955,0.17677,0.1428,25.07,0.0,0.0,18.15,200,1.18,2.83,11.63,2.15,6.71,0.0004168692736211188,15.104291151525304,297590832.97798175,-1.1228280000000002,-12.80824,6.71,7.84,1.84,6.92,0.0
181,,1284,52736,268,13.701941,47.43139,0.17213,0.0671,24.72,0.0029,23.355674777025694,53.07,210,1.09,2.79,11.79,1.97,5.94,0.0012882485332938046,11.796369362121592,705217967.1466261,-0.9499634,-12.790510000000001,5.94,7.11,0.52,6.7,0.0
182,,1166,52751,77,15.538598,49.632290000000005,0.20838,0.0675,24.91,0.0,0.0,16.71,200,1.17,3.06,11.65,2.09,5.98,0.0015488185235137508,12.536056132380114,452374268.6368422,-0.9174475000000001,-12.63636,5.98,7.12,0.88,6.52,0.0
183,,1049,52751,381,14.934692000000002,47.45345,0.08719,0.2114,24.59,0.0,0.0,13.16,200,1.05,3.27,11.68,2.03,6.25,0.0014125363038976315,7.782457643959803,1257728509.5444677,-0.8850984000000001,-12.60235,6.25,7.39,2.41,6.34,0.0
184,,1016,52759,293,11.751812,53.648,0.06901,0.127,24.16,0.0023,22.417923960855877,97.53,210,1.01,3.22,11.46,2.0,6.02,0.001698241862446276,7.042592181163108,925454538.0223348,-1.0005549999999999,-12.50937,6.02,7.1,2.41,6.11,0.0
185,,1336,52759,230,16.239977,38.40092,0.18579,0.0814,24.88,0.0,0.0,10.0,200,1.01,3.06,11.6,1.92,0.0,0.0005495405842387227,14.037778289828625,321531669.25316614,-0.5360147,-12.17121,0.0,1.13,-0.46,6.77,0.0
186,,1239,52760,73,10.524510000000001,8.72337,0.14097,0.3477,25.25,0.0,0.0,51.59,200,1.04,2.92,11.64,1.97,6.15,0.0005370312303176601,12.781547302172074,425259096.09892327,-0.9654507999999999,-12.646230000000001,6.15,7.28,1.6,6.42,0.0
187,,1055,52761,510,16.089845,38.50087,0.28678000000000003,0.045,25.04,0.0,0.0,25.33,200,1.11,2.95,11.8,1.9,0.0,0.001995263191254866,12.43029587119526,649916241.7080387,-0.7321011,-12.593589999999999,0.0,1.17,-0.04,6.6,0.0
188,,1283,52762,116,13.624782000000002,48.30572,0.11919,0.069,24.39,0.0,0.0,40.66,200,1.04,3.04,11.25,1.89,5.36,0.0014125363038976315,4.8817482584039436,1187597765.1241481,-1.1080459999999999,-12.40345,5.36,6.38,0.22,6.49,0.0
189,,1331,52766,532,15.41376,48.60823,0.25969000000000003,0.040999999999999995,24.9,0.0,0.0,9.42,210,1.1,3.15,11.68,1.94,6.37,0.0004570880290185209,13.508751789805407,417436088.9589071,-0.8159757,-12.58511,6.37,7.51,1.2,6.77,0.0
190,,1176,52791,205,16.936992,30.706090000000003,0.2544,0.0688,25.1,0.0,0.0,10.24,210,1.17,3.46,11.59,1.95,0.0,0.0012022642234116696,11.603389194539833,459886398.87252337,-0.4384603,-12.118260000000001,0.0,1.12,-0.2,6.8,0.0
191,,1391,52817,33,16.029045999999997,27.302640000000004,0.16744,0.0402,24.47,0.0,0.0,8.03,210,1.05,3.3,11.46,2.09,6.14,0.002818381693478142,6.697373251240827,1023319295.6704509,-1.059409,-12.58119,6.14,7.23,0.83,6.7,0.0
192,,1347,52823,515,14.207031,41.87192,0.25116,0.0675,25.08,0.0,0.0,26.6,200,1.14,3.26,11.65,1.92,5.37,0.0005888442760205689,12.592960834909166,448295154.61064035,-0.7702855,-12.47255,5.37,6.5,0.19,6.56,0.0
193,,1335,52824,343,15.950049,41.51975,0.08475,0.14,24.39,0.0,0.0,66.27,200,0.95,3.22,10.35,1.76,6.08,0.001380382324630963,2.592428611262664,530159931.34165466,-0.8437607,-11.26441,6.08,6.72,5.33,5.83,6.08
194,,1177,52824,524,21.706001999999998,-6.73145,0.19487000000000002,0.3031,25.49,0.0,0.0,21.43,210,1.03,3.09,11.57,1.82,6.81,0.0005888442760205689,8.2432341256977,870210975.7176459,-0.11504289999999999,-11.73676,6.81,7.93,5.1,6.58,6.81
195,,1404,52825,594,16.016714999999998,32.87393,0.22255999999999998,0.1005,25.14,0.0,0.0,10.21,200,1.1,3.14,11.36,1.92,6.48,0.0008511386362915022,8.959056719012104,454250293.05260897,-0.595019,-12.03955,6.48,7.54,2.15,6.63,0.0
196,,1405,52826,626,16.194513,31.05033,0.09507,0.1497,24.52,0.0,0.0,16.22,200,1.05,3.34,11.22,2.01,5.52,0.0012882485332938046,6.011862568779192,730806347.085767,-1.334841,-12.651760000000001,5.52,6.53,1.49,5.82,0.0
197,,1269,52937,228,8.667323800000002,29.8174,0.06484,0.584,24.76,0.075,23.868648651373768,43.53,210,0.95,2.51,11.24,1.42,7.78,0.0010471296517666536,9.289970370322068,320472851.8160813,-0.4665178,-11.77398,7.78,8.58,89.73,6.31,7.78
198,,1296,52962,472,8.346224000000001,6.626110000000001,0.24505,0.046,24.89,0.0,0.0,10.02,200,1.09,3.15,11.39,1.98,6.32,0.0010232912845122284,10.363057937996764,363784861.5776018,-1.011674,-12.46337,6.32,7.39,1.55,6.61,0.0
199,,1476,52964,189,22.21957,-0.64569,0.18212,0.1104,24.99,0.0,0.0,12.11,200,1.15,2.72,11.39,1.98,6.45,0.0009332528252673828,13.816578710644688,204653626.12459132,-9999.0,-9999.0,6.45,7.52,1.52,6.75,0.0
200,,1211,52964,169,8.9841064,34.46597,0.24373000000000003,0.0768,25.11,0.0,0.0,14.03,200,1.06,3.28,11.47,1.89,6.48,0.0015135589883533368,12.547296479775147,298345903.1724044,-0.9121406999999999,-12.41447,6.48,7.57,1.34,6.84,0.0
201,,1588,52965,406,8.723791499999999,29.127959999999998,0.20163,0.162,25.25,0.0,0.0,62.58,210,1.22,2.79,11.55,1.96,6.39,0.0008317639172213712,11.621990857017172,418079875.91624904,-0.580703,-12.17389,6.39,7.5,2.51,6.46,6.39
202,,1588,52965,507,8.775683599999999,29.59872,0.07013,0.0796,23.97,0.0141,23.21830538929865,31.29,200,1.03,2.57,11.52,2.05,5.73,0.0002691530784868081,12.354260700755795,345292437.10928637,-1.107939,-12.68235,5.73,6.83,2.88,5.74,5.73
203,,1213,52972,357,9.198224900000001,37.40372,0.10427,0.5964,25.21,0.2269,24.790295936221643,30.64,200,1.04,2.87,11.72,1.95,6.56,0.001318256391182683,9.222426549668283,982041833.7105707,-0.9151166,-12.66136,6.56,7.71,5.27,6.31,6.56
204,,1306,52996,320,9.7840922,9.727839999999999,0.18688,0.1632,25.19,0.0,0.0,44.34,210,1.04,3.2,11.58,1.91,6.2,0.0012302692030632099,8.630790410555907,812304603.7616097,-0.8908315,-12.537,6.2,7.32,0.66,6.86,0.0
205,,1306,52996,36,9.9557505,9.881219999999999,0.28037,0.0959,25.34,0.0,0.0,14.33,210,1.06,2.78,11.77,1.9,5.71,0.0007244353873869618,11.299729257215311,733980485.9930103,-0.5791871,-12.4149,5.71,6.87,0.39,6.6,0.0
206,,1428,52998,346,10.3318,39.50635,0.1121,0.052000000000000005,24.21,0.0,0.0,104.92,200,1.04,3.22,11.15,1.86,4.52,0.0015848959766977502,7.5429444825884415,395128110.50178885,-1.141977,-12.35476,4.52,5.5,0.15,5.82,0.0
207,,1357,53034,228,10.210156,40.51865,0.15274000000000001,0.067,24.61,0.0,0.0,121.24,210,1.04,3.16,11.24,1.94,5.58,0.0016218102398133033,4.856217780244326,1172799017.0778904,-1.053547,-12.33913,5.58,6.59,0.62,6.27,0.0
208,,1357,53034,481,10.26618,40.7798,0.12791,1.0090000000000001,25.62,0.0,0.0,127.61,200,1.0,3.4,11.25,1.91,6.28,0.0014791086480080836,5.392322286675254,973348691.7126037,-0.9562153,-12.24238,6.28,7.3,2.86,6.3,6.28
209,,1433,53035,599,10.847911,40.014109999999995,0.12947,0.147,24.8,0.0041,23.245465770436134,162.12,200,0.99,3.2,11.09,1.83,6.96,0.0012022642234116696,4.894380936854711,817381394.6438181,-1.016745,-12.1375,6.96,7.34,14.23,6.29,6.96
210,,1733,53047,623,7.5502075,39.41843,0.16805,0.1043,24.89,0.0,0.0,7.48,200,1.08,2.32,12.14,2.0,5.41,0.00025703948796691983,19.37662328212564,585146057.5165415,-0.04908974,-12.3,5.41,6.62,0.15,6.7,0.0
211,,1442,53050,141,11.55251,46.6465,0.26418,0.055,25.04,0.0,0.0,29.18,210,1.08,2.92,11.53,1.86,5.98,0.001949844428490234,11.438252574727185,412192893.6897023,-0.7502357,-12.34211,5.98,7.08,0.55,6.71,0.0
212,,1741,53052,120,9.611666900000001,11.230839999999999,0.11950999999999999,0.0483,24.24,0.0063,23.35539318550591,51.06,210,1.07,3.44,11.27,1.96,5.41,0.0036307760828853267,4.3542468010402215,1563127870.1639235,-1.102532,-12.3987,5.41,6.43,0.45,6.23,0.0
213,,1742,53053,498,9.7207184,12.159510000000001,0.24291999999999997,0.042,24.85,0.0043,23.86021955237041,109.3,210,1.04,3.2,11.52,1.87,6.71,0.0010232912845122284,6.9280680589124986,1097984725.7978194,-0.8220786,-12.421489999999999,6.71,7.81,2.06,6.87,0.0
214,,1742,53053,366,9.6902791,12.57718,0.17564000000000002,0.0584,24.68,0.0062,23.70597913670623,82.63,200,1.04,3.17,11.39,1.93,5.69,0.0010715186464071414,5.8318921357086895,1148686479.4602935,0.1222632,-11.32215,5.69,6.76,0.37,6.6,0.0
215,,1444,53054,96,11.727666000000001,46.35569,0.11603,0.8634,25.46,0.0,0.0,7.93,200,0.99,2.56,11.8,1.76,6.49,0.0007244353873869618,15.399191621388244,423471781.52540016,-0.08828846,-11.96607,6.49,6.75,5.41,6.23,6.49
216,,1744,53055,590,10.12035,12.78699,0.24811,0.0642,25.05,0.0,0.0,16.75,210,1.14,3.07,11.56,1.9,6.59,0.0006760828566222642,9.408678076799422,652774728.7036582,-0.8706591999999999,-12.48211,6.59,7.71,2.23,6.72,0.0
217,,1745,53061,305,10.137331,12.2072,0.16346,0.0544,24.58,0.0015,23.020492286515022,46.78,210,1.12,3.17,11.69,2.05,5.98,0.0022908708723243,9.766770062326213,817180106.1699183,-1.0244030000000002,-12.76596,5.98,7.13,0.99,6.46,0.0
218,,1605,53062,149,11.353308,11.763810000000001,0.21928000000000003,0.0403,24.73,0.0,0.0,50.73,200,1.06,2.97,11.56,1.92,6.26,0.0015135589883533368,7.901670797821909,925513349.3361262,-0.6316282,-12.258239999999999,6.26,7.38,1.61,6.53,0.0
219,,1759,53081,339,8.6051839,9.15577,0.2242,0.0905,25.1,0.0177,24.391325067419785,26.89,200,1.16,3.26,11.49,2.15,5.8,0.001071520999374948,10.018060970123695,490063730.63090056,-0.7892868000000001,-12.3335,5.8,6.9,0.39,6.69,0.0
220,,1607,53083,105,11.674372,12.05231,0.08115,1.625,25.41,0.0303,23.680589127055914,78.21,210,1.04,3.28,11.47,1.94,6.68,0.0013489632380568445,7.1732416471428735,912829099.2074054,-1.051193,-12.62045,6.68,6.85,9.87,6.17,6.68
221,,1367,53083,100,11.734411,44.0061,0.29905,0.0496,25.12,0.0064,24.230699123784103,45.54,200,1.17,3.13,11.87,2.03,6.62,0.002137961713919407,13.333425117821172,663646127.8565067,-0.5004930999999999,-12.41888,6.62,7.79,1.14,7.04,0.0
222,,1440,53084,77,11.426665,41.43564,0.19280999999999998,0.0834,24.92,0.0,0.0,8.36,210,1.1,3.19,11.38,2.07,6.41,0.0015488151224416985,7.116353905281242,753885117.8447366,-0.7152785,-12.13515,6.41,7.47,1.85,6.62,0.0
223,,1375,53084,313,13.125638,44.05706,0.20246,0.087,24.99,0.0,0.0,107.51,200,1.08,3.17,11.75,1.91,6.57,0.0005248077829311784,14.090941650943073,450754528.5107498,-1.0575709999999998,-12.85126,6.57,7.73,2.06,6.73,0.0
224,,1375,53084,112,13.284982999999999,43.95366,0.051739999999999994,0.0437,23.44,0.0,0.0,19.94,200,1.05,2.99,10.8,2.02,5.78,0.0016218102398133033,2.5628374166741525,1528896936.679303,-1.525693,-12.387369999999999,5.78,6.62,4.34,5.62,5.78
225,,1368,53084,529,11.905756,45.391529999999996,0.1915,0.946,25.97,0.0,0.0,64.0,200,0.71,3.11,11.05,1.16,8.44,0.01096478099832217,6.631659369296407,406046620.8700858,0.7131845,-10.40138,8.44,8.82,84.92,6.98,8.44
226,,1619,53084,233,11.590258,6.91149,0.15854000000000001,0.2459,25.21,0.0,0.0,25.61,200,1.06,2.66,11.45,2.04,6.63,0.002754232090251388,12.371486530423713,293073241.3936155,-9999.0,-9999.0,6.63,7.71,2.37,6.73,0.0
227,,1376,53089,137,13.354949,42.58757,0.07937999999999999,1.985,25.48,0.0,0.0,162.77,200,0.91,2.54,10.97,1.46,7.02,0.0008709627484287174,6.7015902832346725,330723193.7175419,0.5601565,-10.46528,7.02,7.89,28.76,6.04,7.02
228,,1455,53089,236,12.672775999999999,46.94344,0.14149,0.1355,24.84,0.1579,24.90644301256679,43.04,200,0.97,3.27,11.05,1.85,6.31,0.0006918304543901497,5.999741815683912,496083975.1974847,-0.929107,-12.04239,6.31,7.25,3.08,6.29,6.31
229,,1396,53112,73,14.73535,41.79732,0.18798,0.325,25.49,0.0,0.0,63.42,200,1.02,3.21,11.35,2.0,6.49,0.0013489602758497822,5.152408380230209,1342146605.3017373,-0.8241491,-12.25099,6.49,7.54,2.29,6.6,0.0
230,,1601,53115,143,10.812066,11.133989999999999,0.15697,0.2384,25.19,0.0032,23.317844263331665,275.02,210,1.09,3.24,11.54,1.91,6.38,0.0010715186464071414,8.822339299032919,709010359.5645106,-0.2941643,-11.87769,6.38,7.49,1.83,6.6,0.0
231,,1618,53116,616,11.5267,7.882110000000001,0.18061,0.0638,24.74,0.0141,24.08439822506352,40.31,200,1.03,3.14,11.25,1.86,5.83,0.001819701817628807,7.516888369894952,500891809.3412042,-9999.0,-9999.0,5.83,6.85,0.82,6.39,0.0
232,,1459,53117,173,13.112693,46.55854,0.21836,0.184,25.38,0.087,25.054700568952807,8.26,200,1.12,2.75,11.82,1.97,6.41,0.0010471296517666536,12.114407488329627,716498805.785484,-1.171665,-13.06007,6.41,7.58,1.78,6.64,0.0
233,,1602,53117,266,10.861286,10.99635,0.2126,0.0729,24.96,0.0,0.0,31.4,210,1.09,3.03,11.56,2.12,6.12,0.0010232912845122284,8.40730599007785,817535919.2612562,-0.6142204000000001,-12.25421,6.12,7.23,1.34,6.47,0.0
234,,1458,53119,404,12.969283,42.18588,0.24863000000000002,0.33799999999999997,25.77,0.0,0.0,172.07,200,1.08,2.92,11.78,1.85,7.01,0.0006309576215861531,11.837424810218193,684392746.0120869,0.09414513,-11.75,7.01,8.18,4.95,6.8,7.01
235,,1397,53119,553,14.890437,41.11983,0.19863,0.0403,24.64,0.005,23.7336643328942,24.65,200,0.93,2.98,11.2,1.59,6.58,0.003467368199963294,6.038551351962298,691758354.8203362,0.1408382,-11.11402,6.58,7.23,3.03,6.58,6.58
236,,1384,53121,451,15.008745000000001,36.480509999999995,0.09256,0.0597,24.1,0.0026,22.738999384372573,50.35,210,1.07,3.1,11.41,1.92,6.46,0.001513562312005786,5.318938981515579,1446005559.630435,-1.2855219999999998,-12.721910000000001,6.46,7.53,4.77,6.26,6.46
237,,1726,53137,254,15.835997,8.144110000000001,0.23199,0.071,25.03,0.0047,23.85084017066464,29.19,200,1.0,3.5,11.45,1.61,8.3,0.00776247730275455,7.136899176601,880644886.9504862,-0.43914659999999994,-11.93037,8.3,8.49,54.44,7.04,8.3
238,,1460,53138,225,13.195301999999998,40.983270000000005,0.11029000000000001,0.6327,25.28,0.0,0.0,329.1,200,0.84,3.08,11.16,1.44,7.19,0.00028183847879449414,7.2956961043783215,432201736.9860324,0.7008823000000001,-10.50694,7.19,7.87,26.57,6.24,7.19
239,,1644,53144,170,14.384269,35.37938,0.18855999999999998,0.128,25.09,0.0088,23.927272817437874,87.72,210,1.03,3.07,11.04,1.86,6.77,0.0009772367059324805,5.731921445161785,531152993.9409618,-0.9125521000000001,-12.0321,6.77,7.71,4.0,6.65,6.77
240,,1649,53149,228,15.201548,30.839859999999998,0.08963,0.106,24.32,0.0054,23.02708759585391,232.17,210,1.14,2.79,11.77,1.9,6.22,0.0005370312303176601,9.08142408294285,1136351464.1856918,-1.001622,-12.84445,6.22,7.38,3.93,6.1,6.22
241,,1645,53172,628,14.679146,35.23405,0.158,0.0591,24.59,0.0,0.0,11.47,200,1.08,3.35,11.06,2.04,5.45,0.0005754396087965921,5.731585990578672,556251155.6850793,-1.190224,-12.2887,5.45,6.4,0.42,6.31,0.0
242,,1650,53174,96,15.418257999999998,29.67012,0.11137000000000001,0.083,24.41,0.0047,23.16301961393559,118.12,210,1.02,3.07,11.6,1.95,5.94,0.0010471273523601449,7.702711903285517,1067906435.5859311,-0.2845784,-11.92206,5.94,7.06,1.57,6.22,0.0
243,,1572,53177,251,16.473491,23.01892,0.20793000000000003,0.149,25.25,0.0,0.0,58.6,200,1.07,3.58,11.55,1.92,6.51,0.006025592155867609,9.148247957918288,674752446.0440472,-0.5888439,-12.25044,6.51,7.62,1.44,6.83,0.0
244,,1704,53178,463,14.095316,13.969879999999998,0.29761,0.0572,25.18,0.0,0.0,8.38,200,1.16,2.85,11.84,1.96,6.59,0.001,14.484569544068027,524818454.1551284,0.1654191,-11.71048,6.59,7.76,1.65,6.84,0.0
245,,1781,53297,515,8.228783199999999,52.960609999999996,0.13813,0.1946,24.98,0.0664,24.513024792533354,28.95,200,1.07,2.8,11.61,1.98,6.11,0.0008128320154879928,9.88012777045271,664193569.2456199,-1.011357,-12.68168,6.11,7.23,2.08,6.27,0.0
246,,1923,53319,184,8.0186666,17.9805,0.14001,0.847,25.63,0.0,0.0,49.21,200,1.08,2.85,11.19,1.57,6.12,0.00036307840557743337,12.58518470985106,155632582.5271816,0.35075209999999996,-10.89414,6.12,6.78,2.65,6.17,6.12
247,,1869,53327,61,7.9413325,50.287859999999995,0.13362000000000002,0.165,24.88,0.0096,23.644786452524663,74.77,210,1.13,2.75,11.77,1.93,6.76,0.0011220164832168363,9.178220532776503,1112509202.6061866,-0.9531344,-12.79951,6.76,7.92,3.24,6.73,6.76
248,,1932,53350,254,8.768348199999998,25.91487,0.23713,0.0853,25.13,0.0,0.0,14.94,210,1.14,2.91,11.62,1.94,5.2,0.001380385355838289,9.398543569750652,751101966.569029,-1.0711870000000001,-12.736239999999999,5.2,6.33,0.17,6.46,0.0
249,,1749,53357,420,10.742955,14.70113,0.15474000000000002,0.34299999999999997,25.33,0.0221,24.13909808835872,86.58,210,1.02,3.23,11.11,1.89,6.93,0.001949844428490234,5.3113868289067865,726781600.0741771,-0.7673089,-11.9271,6.93,7.89,10.69,6.37,6.93
250,,2081,53357,41,8.074217200000001,16.55813,0.18198,0.040999999999999995,24.56,0.0,0.0,106.75,200,1.07,3.1,11.73,2.04,6.62,0.001,10.899530923102775,719455700.7534353,-0.4753447,-12.28204,6.62,7.77,2.36,6.72,0.0
251,,2081,53357,53,8.088950099999998,16.79535,0.10561,0.0895,24.39,0.0,0.0,16.01,210,0.98,3.17,10.97,1.96,5.91,0.002187762392612301,3.695716624462083,1087484489.8875444,-1.303409,-12.31684,5.91,6.82,1.74,6.14,0.0
252,,1761,53376,485,11.756163,15.49535,0.06822,0.3272,24.56,0.0,0.0,19.1,210,1.03,3.11,11.42,2.07,5.84,0.0007943275370132719,9.369546946610784,476851359.057175,-1.031469,-12.49138,5.84,6.91,2.63,5.9,5.84
253,,1751,53377,281,11.048319000000001,12.98446,0.14045,0.08199999999999999,24.62,0.0054,23.438580725580376,165.99,210,1.03,3.04,11.55,1.96,6.36,0.0009772367059324805,9.401888006413666,638837167.0029613,-0.8352546000000001,-12.4348,6.36,7.47,2.19,6.49,0.0
254,,1621,53383,146,11.774638000000001,6.88485,0.23301,0.0483,24.87,0.0,0.0,11.08,200,1.1,3.03,11.54,1.9,6.64,0.0010471296517666536,12.280525869660847,365920014.8335791,-9999.0,-9999.0,6.64,7.75,1.6,6.91,0.0
255,,1870,53383,569,8.0631327,53.80242,0.1398,0.0903,24.66,0.0453,24.360410292425648,8.89,200,0.98,3.01,10.92,1.87,5.92,0.0012302692030632099,4.608700031133225,623251488.1501138,-0.7898533,-11.77865,5.92,6.82,1.46,6.24,0.0
256,,1872,53386,410,8.2127614,57.797509999999996,0.27196,0.0481,25.01,0.0057,24.08373002657316,18.08,210,1.15,3.17,11.67,1.94,6.76,0.0013489632380568445,7.772513493682972,1232245493.5416842,-0.7491108,-12.4771,6.76,7.9,1.54,7.05,0.0
257,,1951,53389,227,10.100483,34.90292,0.09936,4.8469999999999995,26.07,3.3994,25.915928943499544,2390.99,200,1.0,2.84,11.54,1.66,7.3,0.001995263191254866,9.93914224560632,558627461.4158249,0.2926316,-11.31441,7.3,8.0,28.77,6.32,7.3
258,,2086,53401,483,9.076396699999998,25.004820000000002,0.24336999999999998,0.102,25.23,0.0087,24.160918635143396,48.06,210,1.09,3.32,11.44,1.88,6.78,0.0009772388518648138,7.244187319992819,835295936.1570097,-0.4186376,-11.8973,6.78,7.86,2.74,6.82,6.78
259,,1678,53433,310,15.248356,42.01315,0.13488,0.177,24.92,0.0055,23.4123894872188,68.81,210,1.07,3.17,11.83,1.98,6.37,0.0012589265175925678,11.522975365128039,810383870.6501776,-0.6460464,-12.51944,6.37,7.54,2.43,6.46,0.0
260,,2027,53433,431,11.898011,38.19682,0.19812000000000002,0.9490000000000001,26.0,0.0232,24.38822176108271,70.84,200,1.08,3.56,11.43,1.96,6.65,0.0009772367059324805,9.039465446240117,524245774.69530946,-1.1898799999999998,-12.666960000000001,6.65,7.73,3.43,6.59,6.65
261,,1984,53433,442,12.575069000000001,41.15965,0.19093,0.66,25.81,0.0,0.0,84.95,200,0.97,3.07,11.03,1.06,8.95,0.0012882513621828178,5.948045161699259,482026983.0178316,0.1499998,-10.93036,8.95,9.13,131.98,7.31,8.95
262,,1996,53436,544,11.481241,39.826570000000004,0.20035999999999998,0.044000000000000004,24.68,0.0012,23.115728905476804,106.52,210,1.06,3.22,11.3,1.8,6.73,0.0013489632380568445,5.8485863076184295,928364480.8351184,-1.076562,-12.42577,6.73,7.76,3.23,6.7,6.73
263,,1997,53442,485,11.738344,38.08,0.17407999999999998,0.053,24.63,0.0044,23.549175974123486,77.78,210,1.05,3.0,11.64,2.0,6.4,0.0009120109194638906,9.571014333337546,758410857.393511,-1.070527,-12.721739999999999,6.4,7.53,1.72,6.64,0.0
264,,1997,53442,296,11.649364,37.47694,0.16007000000000002,0.0411,24.44,0.0,0.0,10.01,210,1.04,2.71,11.44,1.95,5.87,0.0008511386362915022,13.71173142918033,233149836.748494,-1.133376,-12.66543,5.87,6.95,0.73,6.48,0.0
265,,1706,53442,363,14.208824,14.01141,0.13981,0.0469,24.37,0.0017,22.929276925319773,39.17,210,1.07,3.24,11.56,2.01,5.88,0.002041735433919159,11.411537749761415,443743708.6668821,-1.042068,-12.66485,5.88,6.99,1.25,6.26,0.0
266,,2096,53446,246,10.551354,34.5257,0.27187,0.1723,25.57,0.0815,25.24487204530037,5.95,210,1.07,2.65,11.78,1.92,5.95,0.0012589265175925678,11.884549601902918,678975978.2122843,-0.9243725,-12.74808,5.95,7.11,0.72,6.57,0.0
267,,1991,53446,505,11.91531,32.58852,0.21483000000000002,0.1212,25.19,0.0,0.0,6.8,210,1.1,2.96,11.62,1.85,6.39,0.0010232935315766703,7.463874255484701,1190944131.673925,-0.1500999,-11.82301,6.39,7.52,1.54,6.68,0.0
268,,1972,53466,460,11.603624,40.04327,0.29044000000000003,0.1182,25.47,0.0,0.0,10.0,200,1.11,3.03,11.75,1.93,6.77,0.0011748967293472915,12.410697464801231,581069063.2200397,-0.5332085,-12.3335,6.77,7.92,2.44,6.86,0.0
269,,1675,53466,619,14.889406,46.91169,0.13109,0.1353,24.77,0.0,0.0,10.05,200,1.06,3.19,11.5,1.99,5.89,0.0015488151224416985,7.863232893477575,813987721.7954463,-1.010471,-12.585999999999999,5.89,6.99,1.14,6.31,0.0
270,,2110,53467,18,13.5589,30.129070000000002,0.28433,0.147,25.54,0.0,0.0,101.51,200,0.55,2.69,11.29,1.22,8.51,0.011220189470737862,8.322877560863349,447994912.470077,1.5557969999999999,-9.785,8.51,9.19,57.5,7.22,8.51
271,,2005,53472,13,13.713354,38.20624,0.17204,0.053,24.62,0.001,22.895724976104106,109.67,200,1.1,3.38,11.34,2.02,6.0,0.0019054595463785964,7.695106187553264,588018581.1708525,-1.052891,-12.42143,6.0,7.05,1.04,6.46,0.0
272,,2005,53472,215,13.573676,38.29985,0.0625,0.207,24.28,0.1164,24.029983337647828,42.6,210,0.98,3.14,10.68,1.92,6.45,0.0005888429829692657,2.9974330695112634,847854731.3068571,-1.4678870000000002,-12.2061,6.45,6.61,14.63,5.76,6.45
273,,1626,53472,397,12.352188,7.89181,0.13265,0.062,24.44,0.0032,23.152758816205548,115.27,210,1.04,3.17,11.26,2.0,5.51,0.002570394879669197,6.505204026376789,684381901.7620361,-9999.0,-9999.0,5.51,6.54,0.27,6.56,0.0
274,,1978,53473,203,13.480127,27.8744,0.09114,0.207,24.62,0.0031,22.79539219930119,130.56,201,0.88,3.37,10.76,1.42,7.7,0.0014125363038976315,3.44629090603429,771110279.1442996,0.1763045,-10.63787,7.7,8.03,60.11,6.4,7.7
275,,2017,53474,430,13.678068,28.868759999999998,0.24795,0.0595,25.02,0.0,0.0,9.51,200,1.15,2.94,11.62,2.09,6.41,0.0010715186464071414,9.520784562949872,731938414.8789549,-0.8652315999999999,-12.53609,6.41,7.54,1.06,6.86,0.0
276,,1841,53491,418,14.517629999999999,33.761559999999996,0.23836,0.0408,24.81,0.0036,23.75564177773382,191.87,210,1.11,3.14,11.69,1.85,6.77,0.0017782794100389228,8.416173197053642,1100500852.88152,-0.5363954000000001,-12.24956,6.77,7.91,1.95,6.95,0.0
277,,2012,53493,629,11.740888,37.1422,0.11482,2.012,25.82,0.0047,23.188469563656806,269.44,200,1.08,3.52,11.25,1.87,7.14,0.0012022642234116696,6.7448293548465275,622125780.7418666,-0.5566964,-11.85798,7.14,7.19,16.92,6.39,7.14
278,,1577,53495,71,16.258712,27.44926,0.06461,0.19899999999999998,24.29,0.0,0.0,18.14,210,1.03,3.16,11.19,2.0,5.82,0.001819701817628807,5.014576481577884,980282372.1394324,-1.327525,-12.573030000000001,5.82,6.82,2.53,5.9,5.82
279,,1578,53496,530,16.069695,30.10722,0.17359000000000002,0.0814,24.81,0.0,0.0,10.07,200,1.11,2.97,11.67,1.93,6.03,0.0011220189470737864,10.344922022887667,695609917.2716607,-0.6243711,-12.33362,6.03,7.17,1.0,6.51,0.0
280,,2089,53498,176,12.125813,33.87782,0.07907,0.4807,24.86,0.0889,24.12702826854209,45.64,200,0.8,2.75,11.24,1.34,7.93,0.0006606944345710246,5.826189273129723,814799444.4370338,0.6546166999999999,-10.64193,7.93,8.29,105.51,6.39,7.93
281,,1646,53498,79,14.830251,33.85745,0.08796,0.11599999999999999,24.34,0.0,0.0,61.0,210,1.0,3.55,11.03,1.83,5.41,0.001949844428490234,4.752526290309609,755041475.3532085,-1.309372,-12.40595,5.41,6.34,0.63,6.08,0.0
282,,1730,53498,221,16.128509,7.4816199999999995,0.22415,0.146,25.31,0.0018,23.400919118586877,67.62,200,1.1,3.13,11.66,1.86,6.22,0.001995263191254866,8.719284872705435,956881691.5309608,-0.8387806000000001,-12.56495,6.22,7.35,1.37,6.56,0.0
283,,1769,53502,27,12.736422,14.4825,0.27205,0.0818,25.24,0.0,0.0,8.8,200,1.08,2.79,11.87,1.9,6.34,0.0008511386362915022,11.640752460055358,870678677.7096798,-0.49721099999999996,-12.41538,6.34,7.52,1.38,6.68,0.0
284,,1769,53502,529,12.697272,16.00544,0.24366999999999997,0.0503,24.93,0.0,0.0,23.44,210,1.06,3.11,11.5,1.75,6.23,0.001148154730847072,10.665179720959127,442469943.81065166,-0.1434001,-11.69692,6.23,7.32,1.17,6.64,0.0
285,,1655,53523,469,15.981295000000001,26.4386,0.08734,0.052000000000000005,23.98,0.0032,22.769146151035468,154.79,210,1.05,2.98,11.7,1.98,6.0,0.0010715186464071414,9.183432591404934,945822967.628292,-0.8554236999999999,-12.60266,6.0,7.14,2.32,6.11,0.0
286,,1647,53531,96,14.932857,32.62572,0.08417000000000001,0.0962,24.22,0.0,0.0,24.53,200,1.01,3.14,11.12,1.91,5.89,0.0020892946627203614,5.0422774857026065,825213897.1573818,-0.48482190000000003,-11.635710000000001,5.89,6.86,2.34,6.0,0.0
287,,1852,53534,511,16.152009,22.63074,0.26594,0.1275,25.41,0.0,0.0,11.99,200,1.07,3.37,11.88,1.9,6.43,0.0015848924964027185,13.415432915107186,670827506.9165883,-0.5301209,-12.46716,6.43,7.61,0.96,6.93,0.0
288,,1711,53535,100,14.711592000000001,9.32935,0.16997,0.049,24.57,0.0043,23.513272091896766,33.31,210,1.0,3.08,11.21,1.82,5.96,0.001380385355838289,5.678632111815563,800447222.2123151,-0.7082101,-11.97477,5.96,6.97,1.01,6.44,0.0
289,,1711,53535,13,14.757606,9.53842,0.09448,0.1256,24.44,0.0064,23.147190875111818,284.31,210,1.0,3.05,11.1,1.91,6.24,0.0012589237530983876,3.506463636675192,1629603070.0987535,-1.36246,-12.52885,6.24,7.21,4.16,6.1,6.24
290,,2210,53535,536,16.725513,13.33405,0.18868,0.051,24.69,0.0,0.0,25.48,200,1.05,3.37,11.42,1.97,6.71,0.001,7.373336499092143,770002436.1045732,-1.1648129999999999,-12.645999999999999,6.71,7.78,2.8,6.74,6.71
291,,2115,53535,410,13.804692999999999,26.05082,0.17812999999999998,0.057999999999999996,24.69,0.0,0.0,11.54,210,1.05,3.5,11.06,1.92,6.28,0.0012302665014980235,6.259877426464056,466325207.7229059,-1.156541,-12.26867,6.28,7.23,1.43,6.6,0.0
292,,1652,53555,187,15.502854000000001,29.008390000000002,0.08419,0.2535,24.64,0.004,22.838081422969605,192.47,210,1.07,3.28,11.47,2.05,5.96,0.001949844428490234,6.4030070142103375,1145651276.9804854,-9999.0,-9999.0,5.96,7.05,2.39,6.06,0.0
293,,2169,53556,274,15.724606,22.87576,0.22003000000000003,0.2115,25.45,0.0,0.0,12.01,200,1.12,2.24,11.74,1.88,6.27,0.0004897794216562508,16.804124094755572,309733473.30188745,-0.5750698000000001,-12.3925,6.27,7.42,1.04,6.73,0.0
294,,2266,53679,612,8.067922,15.55962,0.26825,0.0824,25.23,0.0,0.0,49.15,200,1.17,2.95,11.74,2.05,6.0,0.001096478099832217,14.116530266413667,438898377.6561142,-0.5423380999999999,-12.38112,6.0,7.16,1.15,6.42,0.0
295,,2288,53699,362,9.2375671,21.27771,0.27371,0.0525,25.06,0.0,0.0,30.08,200,1.15,3.01,11.7,1.84,6.31,0.0014125394057124814,9.520358250106113,880062181.398185,-0.5618941,-12.314,6.31,7.45,1.02,6.77,0.0
296,,2286,53700,354,9.0788198,19.93552,0.08367999999999999,0.1836,24.49,0.0,0.0,16.9,200,1.07,3.31,11.63,2.04,6.01,0.002041735433919159,8.569401718133056,924526239.3991916,-1.018238,-12.721739999999999,6.01,7.14,1.78,6.23,0.0
297,,2281,53711,187,8.8788951,18.19674,0.18930999999999998,0.043,24.62,0.0,0.0,15.22,200,1.06,3.37,11.57,1.88,6.49,0.0013489632380568445,9.478040236323784,658237666.4576201,-0.3877494,-12.02887,6.49,7.61,2.15,6.63,0.0
298,,2293,53730,261,9.4633036,23.23491,0.2553,0.102,25.28,0.0027,23.702764283716437,120.07,200,1.15,2.64,11.93,2.06,6.36,0.0005495405842387227,16.358414532187282,506218506.57582444,-0.16635629999999998,-12.16595,6.36,7.54,1.03,6.82,0.0
299,,2294,53733,548,9.601844300000002,25.90534,0.16525,0.1746,25.1,0.0942,24.83200703879254,7.09,210,1.07,3.11,11.27,1.97,6.52,0.0027542260421949856,5.351701663179771,1034753249.784416,-0.7477235,-12.12064,6.52,7.55,4.75,6.32,6.52
300,,2366,53741,141,10.431367,21.89925,0.23368000000000003,0.0505,24.89,0.0,0.0,7.05,210,1.15,3.27,11.45,2.0,5.68,0.004677352234557818,7.733786278166355,749955696.7172402,-1.414688,-12.90741,5.68,6.77,0.42,6.54,0.0
301,,2345,53757,440,9.982783999999999,28.318659999999998,0.24453000000000003,0.0508,24.93,0.0,0.0,9.6,200,1.07,3.01,11.43,1.91,6.56,0.0018196978217203765,8.077434190365139,656558729.6289502,-0.6475943000000001,-12.16456,6.56,7.64,2.18,6.7,0.0
302,,2368,53758,561,9.537754300000001,18.072210000000002,0.14744000000000002,0.057,24.51,0.0046,23.41688320010764,138.72,200,1.05,3.41,11.51,2.0,6.17,0.0014125363038976315,7.910586766327347,823005928.6129401,-1.2818200000000002,-12.85316,6.17,7.27,1.63,6.43,0.0
303,,2368,53758,222,9.4364644,17.06609,0.11612,0.1633,24.74,0.0786,24.422436147422253,36.46,210,1.1,3.44,11.5,1.93,6.86,0.0007943275370132719,8.345989238522558,722544319.1978611,-0.7595420999999999,-12.3055,6.86,7.96,10.41,6.32,6.86
304,,2368,53758,58,9.543971800000001,16.19923,0.19095,0.687,25.83,0.0012,23.0722244743038,242.71,200,0.97,3.38,11.3,1.49,8.16,0.0015848924964027185,8.429748398848572,446880184.18593085,-0.8641706,-12.21615,8.16,8.9,61.59,6.85,8.16
305,,2211,53786,387,11.037689,29.12368,0.10593,0.1456,24.61,0.0245,23.83600528423832,32.26,210,0.8,3.08,11.28,1.51,7.48,0.0010232935315766703,7.1976671374557295,585377934.2420727,-0.3560787,-11.69938,7.48,7.97,26.77,6.53,7.48
306,,2356,53786,614,10.715008000000001,28.43307,0.055029999999999996,0.0404,23.46,0.0,0.0,22.14,200,1.05,3.44,11.18,1.97,5.99,0.002818381693478142,3.9664143617420535,1531173037.3496704,-1.0641479999999999,-12.31875,5.99,6.98,3.09,5.98,5.99
307,,2212,53789,123,11.10281,25.19901,0.17264000000000002,0.0912,24.86,0.0,0.0,14.56,200,1.13,3.13,11.45,2.05,6.23,0.001096478099832217,6.689923177426668,1002253726.3158605,-1.513767,-13.02265,6.23,7.31,1.1,6.67,0.0
308,,2357,53793,561,10.985596000000001,26.570840000000004,0.17515,0.0551,24.65,0.0,0.0,13.7,200,1.02,3.34,11.47,1.89,5.84,0.0007244353873869618,7.748378845490687,782345709.4971566,-1.042808,-12.57055,5.84,6.93,0.29,6.85,0.0
309,,2205,53793,38,16.232098,20.15645,0.17035999999999998,0.1215,24.97,0.0402,24.489649080004764,23.64,210,1.15,3.14,11.43,1.98,4.43,0.001380382324630963,9.752950606407245,450348154.45151687,-0.45873379999999997,-11.97615,4.43,5.51,0.05,6.25,0.0
310,,2357,53793,76,11.009747,25.65308,0.14464000000000002,0.242,25.12,0.0,0.0,56.36,200,1.11,3.2,11.33,1.95,6.78,0.0010715186464071414,4.9701819059667995,1377448871.0068893,-1.135578,-12.52337,6.78,7.82,6.42,6.45,6.78
311,,1810,53794,468,14.233394,9.25071,0.15967,0.9689,25.81,0.0,0.0,32.8,200,0.98,3.24,11.19,1.82,7.0,0.0007079464062202758,6.167174509283385,648107782.9685973,-0.8583671,-12.1,7.0,7.34,9.41,6.5,7.0
312,,2216,53795,551,11.424187,27.248279999999998,0.17023,0.0898,24.84,0.0,0.0,42.95,200,1.09,2.97,11.57,1.99,6.5,0.0009332548746146908,11.197332754579088,471618309.8279137,-0.7916573,-12.42602,6.5,7.62,1.6,6.78,0.0
313,,2224,53815,519,11.970267999999999,30.10722,0.1389,0.1067,24.72,0.0,0.0,20.61,200,0.97,1.99,10.92,1.72,5.98,8.511377017774279e-05,8.235619700994892,195176551.45292383,-0.2595986,-11.2344,5.98,6.87,1.86,6.19,0.0
314,,2440,53818,155,9.397986900000001,14.28294,0.14140999999999998,0.0871,24.65,0.0,0.0,17.69,200,1.07,2.85,11.42,2.08,6.17,0.0012022642234116696,9.978245914903422,420447526.6347524,-0.9638993,-12.45745,6.17,7.25,1.9,6.37,0.0
315,,2226,53819,217,11.972261999999999,26.35337,0.11202000000000001,1.1420000000000001,25.55,0.0,0.0,235.79,201,1.01,3.18,11.12,1.86,6.56,0.001,4.0543518622787165,1276371633.0577624,0.2451841,-10.93158,6.56,6.56,8.41,6.11,6.56
316,,2227,53820,370,12.050457000000002,28.596140000000002,0.13398,0.0683,24.5,0.0,0.0,9.29,210,1.03,3.56,10.54,1.96,0.0,0.004897783461428336,4.730376333938604,246620234.88735542,-1.299791,-11.875910000000001,0.0,0.73,-0.46,6.5,0.0
317,,2433,53820,538,9.0085724,13.75239,0.1922,0.0407,24.61,0.0,0.0,13.59,210,1.03,2.73,11.28,1.75,6.6,0.0009120109194638906,5.1799974290717445,1130214243.5943556,-0.04908517,-11.38275,6.6,7.63,2.77,6.63,6.6
318,,1716,53827,258,14.964657999999998,11.30264,0.12247000000000001,0.1052,24.6,0.002,22.879014665790553,42.94,200,1.04,3.24,11.42,2.03,5.99,0.0012022642234116696,10.478722585134324,381244442.9045649,-0.8910135,-12.34595,5.99,7.07,1.6,6.27,0.0
319,,1716,53827,446,14.995083,11.70303,0.24845,0.0404,24.85,0.0,0.0,9.49,200,1.12,2.93,11.57,2.0,6.62,0.0009332548746146908,8.172803473621839,885274010.966593,-0.497767,-12.09698,6.62,7.74,2.11,6.78,0.0
320,,2435,53828,361,9.060568199999999,17.72886,0.21927,0.1432,25.28,0.0,0.0,13.24,200,1.06,3.29,11.49,2.01,6.83,0.0007244369781881581,9.531277279515717,541399305.9767715,-0.9978009,-12.52792,6.83,7.93,5.27,6.59,6.83
321,,2114,53848,544,13.837107000000001,28.279159999999997,0.07207000000000001,0.2083,24.41,0.0,0.0,34.99,200,1.01,3.03,11.24,1.99,5.56,0.0009772367059324805,6.285744297255572,700013608.1226621,-0.7295656999999999,-12.04913,5.56,6.57,1.34,5.91,0.0
322,,2031,53848,438,12.903371,36.516729999999995,0.21898,0.0715,24.98,0.0,0.0,45.37,210,1.06,3.01,11.48,1.82,6.29,0.0007413116738148916,7.857950443813086,778396908.9640341,0.06107892,-11.50417,6.29,7.38,1.63,6.55,0.0
323,,1798,53851,296,13.252735999999999,8.68148,0.0926,0.8690000000000001,25.26,0.0,0.0,216.51,200,0.94,3.28,10.88,1.82,6.8,0.002570394879669197,4.563313460466405,579775210.0105658,-1.0829799999999998,-12.00755,6.8,7.67,16.82,6.05,6.8
324,,2487,53852,502,11.031082000000001,16.67742,0.06907999999999999,0.6990000000000001,24.9,0.0073,22.918845312423905,190.38,200,1.04,3.23,11.0,1.93,6.76,0.002187762392612301,2.7325388144388505,2131510382.4550807,-1.4817040000000001,-12.5467,6.76,7.18,20.8,5.91,6.76
325,,2505,53856,152,11.661128999999999,24.40166,0.18403,0.062,24.75,0.0009,22.91185082371611,148.74,200,1.07,2.85,11.46,1.8,6.44,0.0005495405842387227,7.846330271566638,745567554.7885593,-0.5330142,-12.05185,6.44,7.53,1.91,6.64,0.0
326,,2152,53874,305,14.991543,24.30255,0.16316,0.0669,24.67,0.0,0.0,13.4,200,1.08,3.22,11.19,2.05,6.29,0.0006760843412452353,7.930616586728809,391927560.2396535,-1.1739879999999998,-12.42905,6.29,7.29,1.6,6.56,0.0
327,,2508,53875,236,11.675986,16.66134,0.20314000000000002,0.2936,25.52,0.0,0.0,8.67,210,0.63,2.91,10.97,1.27,8.24,0.0011481522095981925,5.277016852205607,533388240.2612334,0.6724916999999999,-10.347760000000001,8.24,8.89,65.76,6.9,8.24
328,,2200,53875,167,16.152622,16.430529999999997,0.14337,0.0887,24.67,0.0,0.0,27.07,210,1.06,3.13,11.78,1.96,5.6,0.001096478099832217,12.73690970313834,591141874.9567424,-0.8985316999999999,-12.74059,5.6,6.76,0.38,6.5,0.0
329,,1805,53875,413,13.853005,7.47946,0.15007,0.29,25.23,0.004,23.36966156337141,75.75,200,0.76,2.97,10.99,1.23,8.58,0.0003388443198353887,5.6484062363224625,487492630.7986759,0.6949383000000001,-10.33849,8.58,8.86,92.2,7.09,8.58
330,,2507,53876,157,11.700713,21.7532,0.12988,0.0838,24.56,0.0,0.0,16.0,200,1.04,3.39,11.25,2.07,6.32,0.003019948537254365,6.875286127661287,598740420.4198543,-1.185586,-12.47255,6.32,7.34,1.9,6.52,0.0
331,,2507,53876,542,11.729007000000001,22.485229999999998,0.18079,0.0511,24.65,0.0015,23.117669974215488,137.16,210,1.11,3.29,11.62,2.02,6.09,0.002238723104986867,8.345200312991665,952678766.8745476,-0.4980520000000001,-12.154539999999999,6.09,7.22,1.24,6.47,0.0
332,,2486,53876,386,10.944983,24.71348,0.25521,0.0602,25.05,0.0381,24.85132774743225,8.39,200,0.93,2.8,11.52,1.62,6.9,0.0007585761091505053,8.335868337285406,758435925.6425015,0.42807860000000003,-11.14339,6.9,8.0,3.57,6.82,6.9
333,,2486,53876,555,11.037267,24.49854,0.14429,0.10800000000000001,24.76,0.0487,24.41410542546704,42.37,200,1.02,3.31,11.55,1.94,6.46,0.0015135589883533368,7.895711084202192,905811490.2713512,-1.04716,-12.6733,6.46,7.57,2.01,6.63,0.0
334,,2161,53878,617,15.502214000000002,23.27112,0.08986,0.23600000000000002,24.67,0.0021,22.619307352957613,100.56,200,1.1,3.0,11.58,2.09,6.12,0.001513562312005786,5.69942248235815,1862766216.6962726,-1.0806069999999999,-12.716330000000001,6.12,7.24,2.08,6.28,0.0
335,,2511,53882,189,11.793572,20.86201,0.13130999999999998,0.0965,24.63,0.0,0.0,87.61,210,0.75,3.22,11.04,1.38,6.57,0.0016595879278457615,5.584577655348848,559550676.1302519,0.46402899999999997,-10.62692,6.57,7.51,3.74,6.47,6.57
336,,1800,53884,175,13.436368,9.55052,0.24834,0.1087,25.28,0.0,0.0,13.94,210,1.12,2.94,11.76,1.88,6.46,0.0006606929837429629,13.50017618930059,502506272.9908621,-0.2964202,-12.10375,6.46,7.62,1.05,6.92,0.0
337,,1804,53886,467,13.750841000000001,9.79,0.13035,0.073,24.5,0.0014,22.78280515544993,89.12,200,1.03,3.04,11.41,1.92,5.99,0.0011220189470737864,7.709238917971512,688330428.8853698,-0.9191514999999999,-12.37658,5.99,7.06,1.08,6.43,0.0
338,,1823,53886,46,16.182532000000002,3.36744,0.11930999999999999,0.1091,24.59,0.0346,24.091251518710504,27.59,210,1.0,3.31,11.27,2.0,5.77,0.0012589237530983876,5.402604035691242,1015346584.116934,-1.0342719999999999,-12.34804,5.77,6.8,0.87,6.31,0.0
339,,2201,53904,402,16.24707,17.48726,0.19311,1.002,26.0,0.0,0.0,83.38,200,1.05,2.87,11.21,1.85,7.55,0.0020892946627203614,5.841315155163177,756482513.0390536,-0.2236638,-11.47912,7.55,8.09,22.04,6.68,7.55
340,,1723,53905,472,15.535941000000001,8.43224,0.12725999999999998,0.040999999999999995,24.23,0.0,0.0,9.61,210,1.01,2.59,11.15,1.93,5.53,0.0010232935315766703,3.025685120231508,2455682929.121205,-1.003396,-12.21392,5.53,6.51,1.14,5.95,0.0
341,,2203,53915,518,16.504601,14.58639,0.27895,0.496,26.05,0.0411,24.968359397814247,106.72,210,1.04,2.78,11.88,1.74,7.58,0.000776247730275455,10.073792257335226,1189691243.2855306,0.9439164000000001,-10.98927,7.58,8.02,15.32,6.87,7.58
342,,2133,53917,517,14.502926,30.7412,0.12922,0.0494,24.32,0.0022,22.96869541039697,63.39,210,1.0,2.96,11.53,1.95,5.8,0.0004897794216562508,9.173352097236393,640860845.2336277,-0.7499124,-12.30821,5.8,6.9,0.85,6.35,0.0
343,,2636,54082,407,2.3424952,0.4676,0.27207,0.1111,25.38,0.0,0.0,14.68,200,1.15,2.78,11.98,1.97,6.88,0.0009332548746146908,13.928063614634786,783498538.1191655,0.03851984,-12.02167,6.88,8.07,4.57,6.69,6.88
344,,2576,54086,525,9.1929891,12.92726,0.04952,0.3946,24.35,0.0,0.0,42.11,210,1.08,3.22,11.02,1.97,6.0,0.0008317630039799156,5.354193994729265,581342915.2757382,-1.291369,-12.3478,6.0,6.0,7.93,5.58,6.0
345,,2481,54086,65,10.90034,22.261129999999998,0.26026,0.0783,25.18,0.0,0.0,11.05,200,1.1,3.36,11.57,1.81,6.52,0.0012302692030632099,11.315542680534715,461816081.89304763,-0.4119474,-12.05674,6.52,7.64,1.57,6.8,0.0
346,,2578,54093,632,9.531469699999999,12.86127,0.27247,0.087,25.27,0.0,0.0,61.83,200,1.18,2.86,11.77,2.08,6.34,0.002511884225153641,9.822359819461374,971379447.6651018,0.03563224,-11.80695,6.34,7.5,1.83,6.55,0.0
347,,2493,54115,456,11.26866,24.939120000000003,0.2529,0.0509,24.97,0.0,0.0,30.09,200,1.09,3.24,11.69,1.89,6.31,0.0015848959766977502,10.80387783178255,667821478.5624713,-0.9700841999999998,-12.70469,6.31,7.46,1.39,6.64,0.0
348,,2102,54115,196,13.434000000000001,36.79981,0.0544,0.9570000000000001,24.82,0.0,0.0,28.03,210,1.15,3.03,11.2,1.98,6.12,0.0006606944345710246,6.789987731384455,547119207.6500647,-1.110263,-12.354330000000001,6.12,6.47,10.83,5.56,6.12
349,,1845,54144,579,15.234492999999999,30.14647,0.0932,0.079,24.23,0.0,0.0,16.81,200,1.05,3.38,11.61,2.01,6.24,0.0014454424369627359,8.365476262078191,926485114.2329533,-0.7878423999999999,-12.43874,6.24,7.36,2.77,6.27,6.24
350,,2588,54174,591,10.29239,16.28513,0.20407999999999998,0.047,24.73,0.0018,23.31317419677423,60.96,210,1.02,3.19,11.23,1.72,6.58,0.0013489632380568445,6.43561642627223,652588431.6926849,-0.26566599999999996,-11.581,6.58,7.59,2.95,6.58,6.58
351,,2590,54175,234,10.365743,14.7254,0.11108,0.41200000000000003,25.1,0.0,0.0,115.64,200,0.89,3.05,11.2,1.6,7.96,0.0007413100459583174,4.590882843958807,1196816370.107515,0.1302904,-11.12086,7.96,8.16,59.91,6.66,7.96
352,,2594,54177,178,10.630262,15.68984,0.19575,0.1466,25.18,0.0,0.0,55.79,200,1.04,3.06,11.67,1.76,6.27,0.0012882485332938046,7.980680111869646,1168800533.371295,0.6083483000000001,-11.11099,6.27,7.41,1.23,6.66,0.0
353,,2496,54178,155,11.378346,21.558329999999998,0.19122999999999998,0.0675,24.82,0.0,0.0,9.78,200,1.09,2.96,11.49,2.01,6.16,0.0004365161773191,9.936370982087974,498154785.89731866,-0.14796579999999998,-11.723980000000001,6.16,7.26,1.91,6.36,0.0
354,,2121,54180,157,14.069992999999998,32.10265,0.26376,0.0456,24.96,0.0,0.0,24.49,200,1.11,3.1,11.78,1.91,6.22,0.0009120109194638906,10.20537544273474,920792751.0379707,0.06368852,-11.777330000000001,6.22,7.38,0.58,6.93,0.0
355,,2137,54206,305,14.546952,27.09849,0.15007,0.0451,24.42,0.0054,23.498217312455004,54.06,210,1.0,3.13,11.31,1.82,6.65,0.0009120109194638906,7.8711586904308355,524497249.0197269,-1.303449,-12.6684,6.65,7.69,4.31,6.5,6.65
356,,2158,54209,357,15.237413,23.45233,0.08757000000000001,0.2327,24.64,0.0,0.0,31.73,200,1.07,3.27,11.35,2.06,5.88,0.0012302665014980235,5.880153971333016,1030488422.1993613,-0.9063195,-12.308589999999999,5.88,6.94,2.74,5.92,5.88
357,,2644,54210,279,12.109263,22.26045,0.06506,0.873,24.94,0.0,0.0,27.88,210,0.98,2.93,11.59,1.22,5.82,0.0005623413251903491,8.532023611981414,850581997.9397696,-0.6772473000000001,-12.298969999999999,5.82,5.82,3.49,5.75,5.82
358,,2641,54230,50,13.589834,17.837139999999998,0.20495,0.146,25.22,0.0025,23.453586463006342,65.25,200,1.02,2.8,11.33,1.79,7.77,0.0004570880290185209,7.633948437445365,583877326.6371722,-0.084241,-11.49,7.77,8.82,29.2,6.78,7.77
359,,2641,54230,313,13.478769,18.68034,0.17829,0.0589,24.7,0.0086,23.864383929780413,32.11,210,1.03,3.07,11.34,1.87,6.73,0.0006760828566222642,6.354777075484575,862223079.9923803,-1.0130370000000002,-12.37701,6.73,7.78,3.44,6.67,6.73
360,,2172,54230,454,15.885319,19.90568,0.21029,0.0693,24.93,0.0,0.0,11.0,200,1.18,2.95,11.55,2.08,6.11,0.0020892946627203614,13.10523101645092,328799357.60376644,-0.8778425999999999,-12.494769999999999,6.11,7.23,1.31,6.47,0.0
361,,2146,54230,495,14.96495,28.53854,0.14404,0.93,25.7,0.001,22.731517823384934,205.89,200,1.15,2.84,11.61,1.63,8.16,0.0006025605387577956,7.53049015986558,1143334471.3343616,-0.3015673,-11.99292,8.16,9.18,68.59,6.8,8.16
362,,2653,54230,429,13.513316,22.0015,0.18934,0.0496,24.68,0.0,0.0,10.37,200,1.07,2.96,11.36,1.9,0.0,0.0006918312139914402,9.984791051893863,365714202.4019372,-0.3982412,-11.82426,0.0,1.06,-0.45,6.32,0.0
363,,2748,54234,396,14.585375,14.72531,0.15939,0.052000000000000005,24.54,0.0,0.0,55.44,210,1.05,2.98,11.19,2.0,5.97,0.0016218102398133033,8.714978508255442,324554078.55995667,-0.8220221,-12.05392,5.97,6.97,1.1,6.41,0.0
364,,2781,54266,534,15.438456,16.998820000000002,0.18567,0.1251,25.06,0.0,0.0,46.54,200,1.05,3.28,11.42,1.88,5.84,0.0010471273523601449,7.341937672691689,776602566.0525262,-0.7331533,-12.22586,5.84,6.91,1.06,6.29,0.0
365,,2744,54272,119,14.067485999999999,15.72468,0.18094000000000002,0.1789,25.19,0.0,0.0,19.07,200,1.1,2.92,11.5,1.95,6.22,0.0022908658417692147,5.699215080420934,1549494495.3989012,-0.7193401,-12.25654,6.22,7.32,2.62,6.28,6.22
366,,2159,54328,161,15.379337,19.70567,0.10937000000000001,0.0867,24.41,0.0,0.0,25.44,200,0.99,3.1,11.21,1.53,6.53,0.001,5.985476904520417,720481196.7991778,-1.223131,-12.48077,6.53,7.53,7.09,6.16,6.53
367,,1784,54425,584,8.8009288,58.1634,0.22161999999999998,0.0552,24.88,0.0062,23.93045178422609,19.87,200,1.18,2.78,12.1,1.93,6.92,0.0009332528252673828,15.2887462411809,857189353.3790082,0.2883062,-11.86992,6.92,8.12,3.76,6.82,6.92
368,,1788,54468,160,9.7440379,64.19578,0.13501,0.11199999999999999,24.72,0.0,0.0,63.72,200,1.03,3.42,11.09,1.95,6.2,0.0016218102398133033,6.436145885557427,472681413.0922111,-1.005998,-12.14945,6.2,7.16,1.77,6.42,0.0
369,,2603,54479,5,13.156998000000002,16.46285,0.18167,0.2511,25.35,0.0,0.0,11.43,200,1.05,2.89,11.19,1.82,6.77,0.0005888442760205689,4.739137586527204,1097541820.279307,-0.48288919999999996,-11.73692,6.77,7.77,5.0,6.55,6.77
370,,2614,54481,189,12.743248,19.65002,0.22213000000000002,0.047,24.81,0.0072,23.995234111808248,43.78,210,1.11,3.35,11.65,2.01,6.72,0.001380385355838289,10.055221941410482,703131295.6714427,-0.9429768,-12.64348,6.72,7.85,1.77,6.95,0.0
371,,2604,54484,591,13.305528,17.18456,0.20865999999999998,0.1142,25.13,0.0,0.0,16.4,200,1.1,3.16,11.5,1.93,6.28,0.0008128302305789093,11.355574507105999,390303017.87406456,-0.8867768,-12.45625,6.28,7.38,2.05,6.45,0.0
372,,2648,54485,588,12.780988,23.061629999999997,0.24266999999999997,0.0602,25.0,0.0,0.0,18.22,200,1.18,3.04,11.62,2.04,5.89,0.001148154730847072,11.703730110551064,484363513.123518,-0.8788116,-12.56712,5.89,7.02,0.66,6.55,0.0
373,,2647,54495,311,12.480456,21.9467,0.1804,0.0691,24.78,0.0072,23.797855137679978,26.31,210,1.16,3.07,11.47,1.97,6.05,0.0007413100459583174,7.7531519029054055,781382738.1525606,-0.8827652,-12.43861,6.05,7.14,0.78,6.64,0.0
374,,2616,54499,571,13.062321,20.359270000000002,0.22501,0.182,25.41,0.0,0.0,90.67,200,1.13,3.1,11.62,2.07,6.51,0.0010232935315766703,9.250497462666743,775335805.5998122,-0.8655901,-12.53472,6.51,7.64,2.04,6.68,0.0
375,,2658,54502,546,12.444506,25.64878,0.13443,0.0443,24.31,0.0,0.0,35.97,200,0.54,1.89,10.34,1.25,6.18,0.0001288248533293805,5.95967214127605,98033734.50785458,0.5937165,-9.79757,6.18,6.67,4.11,6.05,6.18
376,,1794,54504,282,12.956719999999999,6.52082,0.17496,0.09699999999999999,24.9,0.0,0.0,75.93,200,1.07,3.21,11.01,1.88,7.01,0.0006760828566222642,5.7839286315556135,486826834.96749055,-1.370525,-12.45,7.01,7.94,8.56,6.55,7.01
377,,2650,54505,243,13.067898,20.87658,0.27952,0.046,25.02,0.0037,23.925444359244164,79.48,210,1.15,3.08,11.8,2.0,6.26,0.0007244353873869618,13.394822264868068,559688536.3188691,-0.23743560000000002,-12.07723,6.26,7.42,0.68,6.9,0.0
378,,2619,54506,557,13.437134,19.40661,0.17628,0.0854,24.85,0.0,0.0,50.97,210,1.1,3.0,11.51,1.97,5.9,0.0011748967293472915,8.326012903532037,742927101.2868586,-1.028504,-12.63086,5.9,7.0,0.46,6.71,0.0
379,,2619,54506,607,13.464698,20.15372,0.28833000000000003,0.0625,25.18,0.0,0.0,9.75,200,1.12,3.18,11.74,1.89,6.12,0.0012882513621828178,13.733802652009528,463701283.2322658,-0.5389689000000001,-12.342410000000001,6.12,7.27,0.89,6.65,0.0
380,,2755,54507,503,13.818356,18.97464,0.18809,0.183,25.24,0.0,0.0,30.64,200,1.1,3.31,11.75,1.98,6.39,0.001148154730847072,10.309605483733387,842046429.3867179,-1.3008389999999999,-13.07292,6.39,7.55,1.85,6.6,0.0
381,,1795,54507,254,13.127929,6.21172,0.13915,0.0524,24.42,0.0085,23.630087721115327,20.46,200,1.04,3.22,11.32,1.98,6.23,0.0020892992506415303,7.364461614000253,613109182.8315457,-1.1541270000000001,-12.5557,6.23,7.28,2.28,6.35,0.0
382,,1797,54507,241,13.249844,6.27201,0.26209,0.0506,25.0,0.013000000000000001,24.40979284183897,31.29,200,1.09,3.24,11.68,1.93,0.0,0.00043651521876717896,13.517994030621448,416865482.7018304,-0.8069438,-12.56467,0.0,1.14,-0.27,6.85,0.0
383,,2651,54507,247,13.20871,21.26207,0.17085999999999998,0.495,25.58,0.0122,23.971754557012066,134.91,210,1.04,3.1,11.28,1.84,7.64,0.0016218102398133033,5.702787071786824,932492938.7846416,-1.043367,-12.39398,7.64,7.86,28.61,6.66,7.64
384,,2652,54508,523,13.417345999999998,22.80066,0.14305,0.0474,24.4,0.0,0.0,17.09,200,1.0,3.59,10.8,1.93,5.99,0.004677352234557818,5.778691945231659,300719254.17025745,-1.209892,-12.06017,5.99,6.84,1.15,6.41,0.0
385,,2149,54509,560,15.029603,24.65447,0.1203,0.1083,24.6,0.0,0.0,32.83,210,1.06,2.77,11.91,1.92,6.34,0.00047863042865286994,12.682158078164893,804328865.2332475,-0.1989979,-12.21233,6.34,7.52,3.84,6.23,6.34
386,,2150,54510,492,15.006328,22.00761,0.21408000000000002,0.0497,24.8,0.0,0.0,12.15,200,0.99,2.14,11.66,1.58,6.82,0.002238723104986867,13.496145290128247,399393037.0785548,1.6476950000000001,-10.694,6.82,7.96,2.79,6.86,6.82
387,,2150,54510,456,15.033983,22.8938,0.08095,0.052000000000000005,23.92,0.0,0.0,104.12,200,0.99,3.16,11.32,1.94,5.94,0.0008912525038250655,7.279385251634993,627524111.6783558,-1.0694,-12.44524,5.94,6.98,2.96,5.94,5.94
388,,2151,54523,113,15.082533999999999,26.01624,0.05397999999999999,7.98,25.74,0.069,23.67684597908645,223.35,210,1.08,2.5,11.28,1.96,6.33,0.000776247730275455,9.586197867967662,330009989.7581214,-1.0751540000000002,-12.43257,6.33,6.7,14.15,5.66,6.33
389,,2771,54527,46,14.143232000000001,19.72366,0.08722,0.081,24.18,0.0034,22.802994198866443,187.79,210,1.02,3.22,11.23,2.0,6.0,0.0017378037289612748,6.870915932130076,572519659.3452162,-1.20357,-12.49235,6.0,7.01,2.71,6.05,6.0
390,,2772,54529,145,14.236489,20.01795,0.25021,0.0958,25.23,0.0,0.0,12.15,200,1.15,2.81,11.58,2.09,6.83,0.00038018932953144067,9.076091558933713,734551616.17347,-0.6750246999999999,-12.31753,6.83,7.95,2.96,6.84,6.83
391,,2772,54529,606,14.276912,20.89282,0.24736999999999998,0.0618,25.03,0.0,0.0,46.7,200,1.14,2.79,11.68,1.98,6.41,0.0009120109194638906,14.043166358279686,386269444.9896993,-0.9282181999999999,-12.65773,6.41,7.56,1.39,6.75,0.0
392,,2762,54533,152,14.691532,16.52946,0.16827,0.0647,24.68,0.0,0.0,10.53,210,1.04,3.05,11.37,1.93,6.48,0.0010232935315766703,9.655527858420095,400191605.68620783,-1.071207,-12.47921,6.48,7.54,2.11,6.63,0.0
393,,2759,54534,44,14.392859,16.4778,0.23600000000000002,0.0618,24.99,0.0,0.0,7.9,210,1.12,2.8,11.42,1.93,6.08,0.0011220189470737864,18.84203612912126,117913775.0077679,-0.4819442,-11.94559,6.08,7.16,0.54,6.83,0.0
394,,1819,54540,284,15.396703,5.5788199999999994,0.17605,0.14300000000000002,25.07,0.0,0.0,87.31,200,1.08,3.15,11.73,1.96,6.3,0.0014454424369627359,9.837564825790958,883170307.4194412,-0.9390084000000001,-12.731630000000001,6.3,7.45,1.02,6.76,0.0
395,,2786,54540,386,14.248532,22.63325,0.15463,0.126,24.89,0.0,0.0,61.35,200,1.05,3.13,11.39,1.94,6.42,0.0015848924964027185,5.388678491558276,1345413959.5177972,-1.003219,-12.44753,6.42,7.49,2.73,6.46,6.42
396,,2948,54553,163,16.601172000000002,27.30808,0.13427,0.363,25.22,0.0,0.0,81.3,200,1.07,3.01,11.55,1.99,6.28,0.0011481522095981925,13.907686862053481,291951368.16270065,-0.9379886999999999,-12.51344,6.28,7.39,1.77,6.51,0.0
397,,2777,54554,256,14.81146,17.410239999999998,0.25228,0.0703,25.11,0.0,0.0,31.68,200,1.16,3.06,11.64,2.17,6.46,0.0018196978217203765,12.04387844474118,478947320.2048132,-0.7104298000000001,-12.40479,6.46,7.6,1.66,6.72,0.0
398,,2789,54555,373,14.665196,21.848689999999998,0.21195,0.5289,25.82,0.0,0.0,10.05,200,0.84,3.06,11.01,1.2,8.82,0.01513558988353337,7.248396728216945,309981980.8685372,0.44736509999999996,-10.61793,8.82,9.39,100.14,7.3,8.82
399,,2791,54556,467,14.93671,20.01137,0.21713000000000002,0.0487,24.8,0.0,0.0,15.49,200,1.11,3.04,11.64,1.9,5.95,0.0007413100459583174,12.272787713843947,461247505.72028005,-0.45051949999999996,-12.12543,5.95,7.08,0.72,6.56,0.0
400,,2952,54559,66,15.375188,1.5317399999999999,0.2127,0.0785,24.99,0.0346,24.63420621963718,24.68,210,1.12,3.12,11.54,2.08,6.05,0.0014125363038976315,13.948049711850304,283656748.50674003,-9999.0,-9999.0,6.05,7.16,0.83,6.61,0.0
401,,2953,54560,432,15.357742000000002,1.95595,0.24354,0.2413,25.61,0.0,0.0,23.94,200,0.98,2.55,11.4,1.65,6.24,0.001318259285966512,11.427949964305284,306113927.6853785,-9999.0,-9999.0,6.24,7.31,1.31,6.6,0.0
402,,1834,54562,326,15.29101,6.325740000000001,0.17794000000000001,0.0483,24.61,0.0,0.0,13.16,200,1.05,2.99,11.42,2.03,6.27,0.0005754402406055371,14.884448853591136,188953391.65769932,-0.9072165999999999,-12.35309,6.27,7.35,0.85,6.82,0.0
403,,2522,54570,558,16.009752,13.18721,0.14045,0.2257,25.06,0.0,0.0,10.81,200,1.01,3.19,11.2,1.82,6.27,0.0008128302305789093,7.199866868069414,486598772.3178904,-1.136515,-12.35632,6.27,7.27,2.73,6.31,6.27
404,,2528,54571,374,16.223956,12.17892,0.23396,0.0439,24.83,0.0,0.0,11.5,200,1.23,2.92,11.54,1.97,4.56,0.0014454392628956644,8.224565984749526,815819562.435266,-0.8929018,-12.51835,4.56,5.67,0.04,6.48,0.0
405,,2523,54572,277,15.946349,10.632710000000001,0.20212,0.3897,25.64,0.0398,24.6491520701407,43.49,210,0.96,2.96,11.95,1.7,6.52,0.0005495405842387227,10.679163108824769,1243785533.8476436,0.04725188,-11.961889999999999,6.52,7.7,2.6,6.58,6.52
406,,2531,54572,415,16.410104,11.17282,0.19726,0.07400000000000001,24.89,0.0,0.0,81.24,200,1.16,3.32,11.55,2.06,6.92,0.0019054595463785964,7.376499256001264,1037814457.6173713,-1.01597,-12.641110000000001,6.92,8.03,5.25,6.68,6.92
